Date,Product Name,Price (INR)
01-12-2025,Airdopes 121 pro,1170
02-12-2025,Airdopes 121 pro,1170
03-12-2025,Airdopes 121 pro,1170
04-12-2025,Airdopes 121 pro,1170
05-12-2025,Airdopes 121 pro,1170
06-12-2025,Airdopes 121 pro,1089
07-12-2025,Airdopes 121 pro,1089
08-12-2025,Airdopes 121 pro,1089
09-12-2025,Airdopes 121 pro,1089
10-12-2025,Airdopes 121 pro,1089
11-12-2025,Airdopes 121 pro,1089
12-12-2025,Airdopes 121 pro,1089
13-12-2025,Airdopes 121 pro,1089
14-12-2025,Airdopes 121 pro,1089
15-12-2025,Airdopes 121 pro,1089
16-12-2025,Airdopes 121 pro,1089
17-12-2025,Airdopes 121 pro,1089
18-12-2025,Airdopes 121 pro,1089
19-12-2025,Airdopes 121 pro,1089
20-12-2025,Airdopes 121 pro,1089
21-12-2025,Airdopes 121 pro,1089
22-12-2025,Airdopes 121 pro,1089
23-12-2025,Airdopes 121 pro,1083
24-12-2025,Airdopes 121 pro,1083
25-12-2025,Airdopes 121 pro,1083
26-12-2025,Airdopes 121 pro,1083
27-12-2025,Airdopes 121 pro,1083
28-12-2025,Airdopes 121 pro,1083
29-12-2025,Airdopes 121 pro,800
30-12-2025,Airdopes 121 pro,800
31-12-2025,Airdopes 121 pro,800
01-01-2026,Airdopes 121 pro,895
02-01-2026,Airdopes 121 pro,895
03-01-2026,Airdopes 121 pro,895
04-01-2026,Airdopes 121 pro,895
05-01-2026,Airdopes 121 pro,989
06-01-2026,Airdopes 121 pro,989
07-01-2026,Airdopes 121 pro,989
08-01-2026,Airdopes 121 pro,989
09-01-2026,Airdopes 121 pro,989
10-01-2026,Airdopes 121 pro,989
11-01-2026,Airdopes 121 pro,989
12-01-2026,Airdopes 121 pro,989
13-01-2026,Airdopes 121 pro,989
14-01-2026,Airdopes 121 pro,989
15-01-2026,Airdopes 121 pro,989
16-01-2026,Airdopes 121 pro,989
17-01-2026,Airdopes 121 pro,989
18-01-2026,Airdopes 121 pro,989
19-01-2026,Airdopes 121 pro,1068
20-01-2026,Airdopes 121 pro,1068
21-01-2026,Airdopes 121 pro,1068
22-01-2026,Airdopes 121 pro,1068
23-01-2026,Airdopes 121 pro,1068
24-01-2026,Airdopes 121 pro,1068
25-01-2026,Airdopes 121 pro,1124
26-01-2026,Airdopes 121 pro,1124
27-01-2026,Airdopes 121 pro,1124
28-01-2026,Airdopes 121 pro,1124
29-01-2026,Airdopes 121 pro,1124
30-01-2026,Airdopes 121 pro,1124
31-01-2026,Airdopes 121 pro,1124
01-02-2026,Airdopes 121 pro,1124
02-02-2026,Airdopes 121 pro,1124
03-02-2026,Airdopes 121 pro,1124
04-02-2026,Airdopes 121 pro,1209
05-02-2026,Airdopes 121 pro,1209
06-02-2026,Airdopes 121 pro,1209
07-02-2026,Airdopes 121 pro,1209
08-02-2026,Airdopes 121 pro,1189
09-02-2026,Airdopes 121 pro,1189
10-02-2026,Airdopes 121 pro,1189
11-02-2026,Airdopes 121 pro,1189
12-02-2026,Airdopes 121 pro,1189
13-02-2026,Airdopes 121 pro,1189
14-02-2026,Airdopes 121 pro,1163
15-02-2026,Airdopes 121 pro,1163
16-02-2026,Airdopes 121 pro,1167
17-02-2026,Airdopes 121 pro,1167
18-02-2026,Airdopes 121 pro,1167
19-02-2026,Airdopes 121 pro,1167
20-02-2026,Airdopes 121 pro,1167
21-02-2026,Airdopes 121 pro,1167
22-02-2026,Airdopes 121 pro,1167
23-02-2026,Airdopes 121 pro,1167
24-02-2026,Airdopes 121 pro,1167
25-02-2026,Airdopes 121 pro,1174
26-02-2026,Airdopes 121 pro,1244
27-02-2026,Airdopes 121 pro,1244
28-02-2026,Airdopes 121 pro,1244
01-03-2026,Airdopes 121 pro,1244
02-03-2026,Airdopes 121 pro,1244
03-03-2026,Airdopes 121 pro,1244
04-03-2026,Airdopes 121 pro,1244
05-03-2026,Airdopes 121 pro,1244
06-03-2026,Airdopes 121 pro,1244
07-03-2026,Airdopes 121 pro,1244
08-03-2026,Airdopes 121 pro,1300
09-03-2026,Airdopes 121 pro,1300
10-03-2026,Airdopes 121 pro,1300
11-03-2026,Airdopes 121 pro,1300
12-03-2026,Airdopes 121 pro,1342
13-03-2026,Airdopes 121 pro,1342
14-03-2026,Airdopes 121 pro,1342
15-03-2026,Airdopes 121 pro,1342
16-03-2026,Airdopes 121 pro,1342
17-03-2026,Airdopes 121 pro,1342
18-03-2026,Airdopes 121 pro,1342
19-03-2026,Airdopes 121 pro,1342
20-03-2026,Airdopes 121 pro,1342
21-03-2026,Airdopes 121 pro,1342
22-03-2026,Airdopes 121 pro,1342
23-03-2026,Airdopes 121 pro,1342
24-03-2026,Airdopes 121 pro,1376
25-03-2026,Airdopes 121 pro,1376
26-03-2026,Airdopes 121 pro,1376
27-03-2026,Airdopes 121 pro,1376
28-03-2026,Airdopes 121 pro,1418
29-03-2026,Airdopes 121 pro,1418
30-03-2026,Airdopes 121 pro,1418
31-03-2026,Airdopes 121 pro,1418
01-04-2026,Airdopes 121 pro,1418
02-04-2026,Airdopes 121 pro,1418
03-04-2026,Airdopes 121 pro,1418
04-04-2026,Airdopes 121 pro,1418
05-04-2026,Airdopes 121 pro,1418
06-04-2026,Airdopes 121 pro,1418
07-04-2026,Airdopes 121 pro,1325
08-04-2026,Airdopes 121 pro,1325
09-04-2026,Airdopes 121 pro,1325
10-04-2026,Airdopes 121 pro,1325
11-04-2026,Airdopes 121 pro,1325
12-04-2026,Airdopes 121 pro,1325
13-04-2026,Airdopes 121 pro,1312
14-04-2026,Airdopes 121 pro,1312
15-04-2026,Airdopes 121 pro,1312
16-04-2026,Airdopes 121 pro,1312
17-04-2026,Airdopes 121 pro,1312
18-04-2026,Airdopes 121 pro,1312
19-04-2026,Airdopes 121 pro,1312
20-04-2026,Airdopes 121 pro,1312
21-04-2026,Airdopes 121 pro,1312
22-04-2026,Airdopes 121 pro,1312
23-04-2026,Airdopes 121 pro,1312
24-04-2026,Airdopes 121 pro,1312
25-04-2026,Airdopes 121 pro,1349
26-04-2026,Airdopes 121 pro,1349
27-04-2026,Airdopes 121 pro,1349
28-04-2026,Airdopes 121 pro,1349
29-04-2026,Airdopes 121 pro,1349
30-04-2026,Airdopes 121 pro,1349
01-05-2026,Airdopes 121 pro,1311
02-05-2026,Airdopes 121 pro,1311
03-05-2026,Airdopes 121 pro,1311
04-05-2026,Airdopes 121 pro,1311
05-05-2026,Airdopes 121 pro,1311
06-05-2026,Airdopes 121 pro,1311
07-05-2026,Airdopes 121 pro,1311
08-05-2026,Airdopes 121 pro,1311
09-05-2026,Airdopes 121 pro,1311
10-05-2026,Airdopes 121 pro,1311
11-05-2026,Airdopes 121 pro,1311
12-05-2026,Airdopes 121 pro,1180
13-05-2026,Airdopes 121 pro,1700
14-05-2026,Airdopes 121 pro,1700
15-05-2026,Airdopes 121 pro,1700
16-05-2026,Airdopes 121 pro,1469
17-05-2026,Airdopes 121 pro,1469
18-05-2026,Airdopes 121 pro,1469
19-05-2026,Airdopes 121 pro,1469
20-05-2026,Airdopes 121 pro,1469
21-05-2026,Airdopes 121 pro,1469
22-05-2026,Airdopes 121 pro,1365
23-05-2026,Airdopes 121 pro,1318
24-05-2026,Airdopes 121 pro,1318
25-05-2026,Airdopes 121 pro,1348
26-05-2026,Airdopes 121 pro,1391
27-05-2026,Airdopes 121 pro,1391
28-05-2026,Airdopes 121 pro,1391
29-05-2026,Airdopes 121 pro,1391
30-05-2026,Airdopes 121 pro,1391
31-05-2026,Airdopes 121 pro,1391
01-12-2025,Airdopes 141,1450
02-12-2025,Airdopes 141,1393
03-12-2025,Airdopes 141,1393
04-12-2025,Airdopes 141,1393
05-12-2025,Airdopes 141,1393
06-12-2025,Airdopes 141,1526
07-12-2025,Airdopes 141,1526
08-12-2025,Airdopes 141,1526
09-12-2025,Airdopes 141,1526
10-12-2025,Airdopes 141,1526
11-12-2025,Airdopes 141,1523
12-12-2025,Airdopes 141,1523
13-12-2025,Airdopes 141,1523
14-12-2025,Airdopes 141,1523
15-12-2025,Airdopes 141,1523
16-12-2025,Airdopes 141,5900
17-12-2025,Airdopes 141,5900
18-12-2025,Airdopes 141,4225
19-12-2025,Airdopes 141,3094
20-12-2025,Airdopes 141,3094
21-12-2025,Airdopes 141,3094
22-12-2025,Airdopes 141,3094
23-12-2025,Airdopes 141,3094
24-12-2025,Airdopes 141,3094
25-12-2025,Airdopes 141,2469
26-12-2025,Airdopes 141,2469
27-12-2025,Airdopes 141,2469
28-12-2025,Airdopes 141,2469
29-12-2025,Airdopes 141,2469
30-12-2025,Airdopes 141,2469
31-12-2025,Airdopes 141,2041
01-01-2026,Airdopes 141,2041
02-01-2026,Airdopes 141,2041
03-01-2026,Airdopes 141,2041
04-01-2026,Airdopes 141,2041
05-01-2026,Airdopes 141,2041
06-01-2026,Airdopes 141,2041
07-01-2026,Airdopes 141,2041
08-01-2026,Airdopes 141,2041
09-01-2026,Airdopes 141,2041
10-01-2026,Airdopes 141,2034
11-01-2026,Airdopes 141,2034
12-01-2026,Airdopes 141,1099
13-01-2026,Airdopes 141,1099
14-01-2026,Airdopes 141,1099
15-01-2026,Airdopes 141,1275
16-01-2026,Airdopes 141,1300
17-01-2026,Airdopes 141,1300
18-01-2026,Airdopes 141,1300
19-01-2026,Airdopes 141,1300
20-01-2026,Airdopes 141,1300
21-01-2026,Airdopes 141,1379
22-01-2026,Airdopes 141,1379
23-01-2026,Airdopes 141,1379
24-01-2026,Airdopes 141,1379
25-01-2026,Airdopes 141,1379
26-01-2026,Airdopes 141,1316
27-01-2026,Airdopes 141,1316
28-01-2026,Airdopes 141,1316
29-01-2026,Airdopes 141,1316
30-01-2026,Airdopes 141,1316
31-01-2026,Airdopes 141,1316
01-02-2026,Airdopes 141,1316
02-02-2026,Airdopes 141,1316
03-02-2026,Airdopes 141,1316
04-02-2026,Airdopes 141,1316
05-02-2026,Airdopes 141,1316
06-02-2026,Airdopes 141,1433
07-02-2026,Airdopes 141,1433
08-02-2026,Airdopes 141,1433
09-02-2026,Airdopes 141,1433
10-02-2026,Airdopes 141,1433
11-02-2026,Airdopes 141,1433
12-02-2026,Airdopes 141,1433
13-02-2026,Airdopes 141,1433
14-02-2026,Airdopes 141,1433
15-02-2026,Airdopes 141,1433
16-02-2026,Airdopes 141,1433
17-02-2026,Airdopes 141,1433
18-02-2026,Airdopes 141,1433
19-02-2026,Airdopes 141,1535
20-02-2026,Airdopes 141,1535
21-02-2026,Airdopes 141,1535
22-02-2026,Airdopes 141,1535
23-02-2026,Airdopes 141,1535
24-02-2026,Airdopes 141,1535
25-02-2026,Airdopes 141,1535
26-02-2026,Airdopes 141,1586
27-02-2026,Airdopes 141,1651
28-02-2026,Airdopes 141,1651
01-03-2026,Airdopes 141,1651
02-03-2026,Airdopes 141,1651
03-03-2026,Airdopes 141,1651
04-03-2026,Airdopes 141,1565
05-03-2026,Airdopes 141,1565
06-03-2026,Airdopes 141,1565
07-03-2026,Airdopes 141,1626
08-03-2026,Airdopes 141,1658
09-03-2026,Airdopes 141,1463
10-03-2026,Airdopes 141,1463
11-03-2026,Airdopes 141,1463
12-03-2026,Airdopes 141,1533
13-03-2026,Airdopes 141,1588
14-03-2026,Airdopes 141,1588
15-03-2026,Airdopes 141,1588
16-03-2026,Airdopes 141,1588
17-03-2026,Airdopes 141,1642
18-03-2026,Airdopes 141,1642
19-03-2026,Airdopes 141,1642
20-03-2026,Airdopes 141,1642
21-03-2026,Airdopes 141,1642
22-03-2026,Airdopes 141,1642
23-03-2026,Airdopes 141,1642
24-03-2026,Airdopes 141,1642
25-03-2026,Airdopes 141,1642
26-03-2026,Airdopes 141,1642
27-03-2026,Airdopes 141,1713
28-03-2026,Airdopes 141,1713
29-03-2026,Airdopes 141,1713
30-03-2026,Airdopes 141,1713
31-03-2026,Airdopes 141,1645
01-04-2026,Airdopes 141,1480
02-04-2026,Airdopes 141,1391
03-04-2026,Airdopes 141,1354
04-04-2026,Airdopes 141,1354
05-04-2026,Airdopes 141,1354
06-04-2026,Airdopes 141,1354
07-04-2026,Airdopes 141,1354
08-04-2026,Airdopes 141,1354
09-04-2026,Airdopes 141,1354
10-04-2026,Airdopes 141,1354
11-04-2026,Airdopes 141,1354
12-04-2026,Airdopes 141,1354
13-04-2026,Airdopes 141,1354
14-04-2026,Airdopes 141,1354
15-04-2026,Airdopes 141,1392
16-04-2026,Airdopes 141,1392
17-04-2026,Airdopes 141,1392
18-04-2026,Airdopes 141,1392
19-04-2026,Airdopes 141,1392
20-04-2026,Airdopes 141,1392
21-04-2026,Airdopes 141,1392
22-04-2026,Airdopes 141,1392
23-04-2026,Airdopes 141,1392
24-04-2026,Airdopes 141,1392
25-04-2026,Airdopes 141,1392
26-04-2026,Airdopes 141,1392
27-04-2026,Airdopes 141,1392
28-04-2026,Airdopes 141,1392
29-04-2026,Airdopes 141,1392
30-04-2026,Airdopes 141,1392
01-05-2026,Airdopes 141,1392
02-05-2026,Airdopes 141,1392
03-05-2026,Airdopes 141,1451
04-05-2026,Airdopes 141,1479
05-05-2026,Airdopes 141,1479
06-05-2026,Airdopes 141,1479
07-05-2026,Airdopes 141,1479
08-05-2026,Airdopes 141,1479
09-05-2026,Airdopes 141,1479
10-05-2026,Airdopes 141,1479
11-05-2026,Airdopes 141,1479
12-05-2026,Airdopes 141,1479
13-05-2026,Airdopes 141,1479
14-05-2026,Airdopes 141,1479
15-05-2026,Airdopes 141,1479
16-05-2026,Airdopes 141,1544
17-05-2026,Airdopes 141,1544
18-05-2026,Airdopes 141,1544
19-05-2026,Airdopes 141,1544
20-05-2026,Airdopes 141,1544
21-05-2026,Airdopes 141,1544
22-05-2026,Airdopes 141,1544
23-05-2026,Airdopes 141,1544
24-05-2026,Airdopes 141,1544
25-05-2026,Airdopes 141,1544
26-05-2026,Airdopes 141,1544
27-05-2026,Airdopes 141,1544
28-05-2026,Airdopes 141,1544
29-05-2026,Airdopes 141,1544
30-05-2026,Airdopes 141,1544
31-05-2026,Airdopes 141,1544
01-12-2025,Airdopes 161,967
02-12-2025,Airdopes 161,967
03-12-2025,Airdopes 161,967
04-12-2025,Airdopes 161,967
05-12-2025,Airdopes 161,967
06-12-2025,Airdopes 161,967
07-12-2025,Airdopes 161,1026
08-12-2025,Airdopes 161,1056
09-12-2025,Airdopes 161,1056
10-12-2025,Airdopes 161,1056
11-12-2025,Airdopes 161,1056
12-12-2025,Airdopes 161,1056
13-12-2025,Airdopes 161,1056
14-12-2025,Airdopes 161,962
15-12-2025,Airdopes 161,962
16-12-2025,Airdopes 161,962
17-12-2025,Airdopes 161,962
18-12-2025,Airdopes 161,962
19-12-2025,Airdopes 161,962
20-12-2025,Airdopes 161,962
21-12-2025,Airdopes 161,962
22-12-2025,Airdopes 161,962
23-12-2025,Airdopes 161,952
24-12-2025,Airdopes 161,948
25-12-2025,Airdopes 161,948
26-12-2025,Airdopes 161,946
27-12-2025,Airdopes 161,946
28-12-2025,Airdopes 161,946
29-12-2025,Airdopes 161,946
30-12-2025,Airdopes 161,946
31-12-2025,Airdopes 161,946
01-01-2026,Airdopes 161,946
02-01-2026,Airdopes 161,946
03-01-2026,Airdopes 161,946
04-01-2026,Airdopes 161,946
05-01-2026,Airdopes 161,946
06-01-2026,Airdopes 161,886
07-01-2026,Airdopes 161,886
08-01-2026,Airdopes 161,886
09-01-2026,Airdopes 161,886
10-01-2026,Airdopes 161,886
11-01-2026,Airdopes 161,886
12-01-2026,Airdopes 161,886
13-01-2026,Airdopes 161,886
14-01-2026,Airdopes 161,886
15-01-2026,Airdopes 161,886
16-01-2026,Airdopes 161,886
17-01-2026,Airdopes 161,886
18-01-2026,Airdopes 161,839
19-01-2026,Airdopes 161,888
20-01-2026,Airdopes 161,888
21-01-2026,Airdopes 161,882
22-01-2026,Airdopes 161,882
23-01-2026,Airdopes 161,957
24-01-2026,Airdopes 161,957
25-01-2026,Airdopes 161,957
26-01-2026,Airdopes 161,957
27-01-2026,Airdopes 161,958
28-01-2026,Airdopes 161,958
29-01-2026,Airdopes 161,958
30-01-2026,Airdopes 161,958
31-01-2026,Airdopes 161,958
01-02-2026,Airdopes 161,958
02-02-2026,Airdopes 161,958
03-02-2026,Airdopes 161,958
04-02-2026,Airdopes 161,1038
05-02-2026,Airdopes 161,1038
06-02-2026,Airdopes 161,1033
07-02-2026,Airdopes 161,1033
08-02-2026,Airdopes 161,1033
09-02-2026,Airdopes 161,1033
10-02-2026,Airdopes 161,958
11-02-2026,Airdopes 161,958
12-02-2026,Airdopes 161,958
13-02-2026,Airdopes 161,958
14-02-2026,Airdopes 161,958
15-02-2026,Airdopes 161,925
16-02-2026,Airdopes 161,925
17-02-2026,Airdopes 161,925
18-02-2026,Airdopes 161,925
19-02-2026,Airdopes 161,925
20-02-2026,Airdopes 161,925
21-02-2026,Airdopes 161,895
22-02-2026,Airdopes 161,895
23-02-2026,Airdopes 161,847
24-02-2026,Airdopes 161,847
25-02-2026,Airdopes 161,847
26-02-2026,Airdopes 161,847
27-02-2026,Airdopes 161,847
28-02-2026,Airdopes 161,847
01-03-2026,Airdopes 161,847
02-03-2026,Airdopes 161,847
03-03-2026,Airdopes 161,878
04-03-2026,Airdopes 161,878
05-03-2026,Airdopes 161,878
06-03-2026,Airdopes 161,878
07-03-2026,Airdopes 161,937
08-03-2026,Airdopes 161,937
09-03-2026,Airdopes 161,937
10-03-2026,Airdopes 161,937
11-03-2026,Airdopes 161,937
12-03-2026,Airdopes 161,958
13-03-2026,Airdopes 161,941
14-03-2026,Airdopes 161,901
15-03-2026,Airdopes 161,901
16-03-2026,Airdopes 161,901
17-03-2026,Airdopes 161,2490
18-03-2026,Airdopes 161,2490
19-03-2026,Airdopes 161,2490
20-03-2026,Airdopes 161,2490
21-03-2026,Airdopes 161,2490
22-03-2026,Airdopes 161,2490
23-03-2026,Airdopes 161,2490
24-03-2026,Airdopes 161,2490
25-03-2026,Airdopes 161,2490
26-03-2026,Airdopes 161,2490
27-03-2026,Airdopes 161,2490
28-03-2026,Airdopes 161,2490
29-03-2026,Airdopes 161,2490
30-03-2026,Airdopes 161,2490
31-03-2026,Airdopes 161,2490
01-04-2026,Airdopes 161,2490
02-04-2026,Airdopes 161,2490
03-04-2026,Airdopes 161,2490
04-04-2026,Airdopes 161,2016
05-04-2026,Airdopes 161,2016
06-04-2026,Airdopes 161,2016
07-04-2026,Airdopes 161,2016
08-04-2026,Airdopes 161,2016
09-04-2026,Airdopes 161,2016
10-04-2026,Airdopes 161,1794
11-04-2026,Airdopes 161,1794
12-04-2026,Airdopes 161,1794
13-04-2026,Airdopes 161,1794
14-04-2026,Airdopes 161,1794
15-04-2026,Airdopes 161,1794
16-04-2026,Airdopes 161,1479
17-04-2026,Airdopes 161,1479
18-04-2026,Airdopes 161,1479
19-04-2026,Airdopes 161,1479
20-04-2026,Airdopes 161,1479
21-04-2026,Airdopes 161,1479
22-04-2026,Airdopes 161,1479
23-04-2026,Airdopes 161,1479
24-04-2026,Airdopes 161,1479
25-04-2026,Airdopes 161,1479
26-04-2026,Airdopes 161,1479
27-04-2026,Airdopes 161,1479
28-04-2026,Airdopes 161,1479
29-04-2026,Airdopes 161,1339
30-04-2026,Airdopes 161,1339
01-05-2026,Airdopes 161,1339
02-05-2026,Airdopes 161,1339
03-05-2026,Airdopes 161,1339
04-05-2026,Airdopes 161,1339
05-05-2026,Airdopes 161,1339
06-05-2026,Airdopes 161,1339
07-05-2026,Airdopes 161,1339
08-05-2026,Airdopes 161,1339
09-05-2026,Airdopes 161,1339
10-05-2026,Airdopes 161,1339
11-05-2026,Airdopes 161,799
12-05-2026,Airdopes 161,799
13-05-2026,Airdopes 161,799
14-05-2026,Airdopes 161,799
15-05-2026,Airdopes 161,799
16-05-2026,Airdopes 161,799
17-05-2026,Airdopes 161,799
18-05-2026,Airdopes 161,856
19-05-2026,Airdopes 161,856
20-05-2026,Airdopes 161,856
21-05-2026,Airdopes 161,856
22-05-2026,Airdopes 161,856
23-05-2026,Airdopes 161,856
24-05-2026,Airdopes 161,856
25-05-2026,Airdopes 161,856
26-05-2026,Airdopes 161,917
27-05-2026,Airdopes 161,917
28-05-2026,Airdopes 161,917
29-05-2026,Airdopes 161,917
30-05-2026,Airdopes 161,917
31-05-2026,Airdopes 161,917
01-12-2025,Airdopes 170,1537
02-12-2025,Airdopes 170,1537
03-12-2025,Airdopes 170,1537
04-12-2025,Airdopes 170,1537
05-12-2025,Airdopes 170,1537
06-12-2025,Airdopes 170,1537
07-12-2025,Airdopes 170,1537
08-12-2025,Airdopes 170,1537
09-12-2025,Airdopes 170,1537
10-12-2025,Airdopes 170,1548
11-12-2025,Airdopes 170,1548
12-12-2025,Airdopes 170,1548
13-12-2025,Airdopes 170,1548
14-12-2025,Airdopes 170,1548
15-12-2025,Airdopes 170,1548
16-12-2025,Airdopes 170,1548
17-12-2025,Airdopes 170,1456
18-12-2025,Airdopes 170,1362
19-12-2025,Airdopes 170,1362
20-12-2025,Airdopes 170,1362
21-12-2025,Airdopes 170,1362
22-12-2025,Airdopes 170,1362
23-12-2025,Airdopes 170,1362
24-12-2025,Airdopes 170,1362
25-12-2025,Airdopes 170,1295
26-12-2025,Airdopes 170,1295
27-12-2025,Airdopes 170,1295
28-12-2025,Airdopes 170,1295
29-12-2025,Airdopes 170,1295
30-12-2025,Airdopes 170,1295
31-12-2025,Airdopes 170,1295
01-01-2026,Airdopes 170,1295
02-01-2026,Airdopes 170,1299
03-01-2026,Airdopes 170,1299
04-01-2026,Airdopes 170,1299
05-01-2026,Airdopes 170,1299
06-01-2026,Airdopes 170,1299
07-01-2026,Airdopes 170,1259
08-01-2026,Airdopes 170,1259
09-01-2026,Airdopes 170,1259
10-01-2026,Airdopes 170,1259
11-01-2026,Airdopes 170,1259
12-01-2026,Airdopes 170,1259
13-01-2026,Airdopes 170,1259
14-01-2026,Airdopes 170,1259
15-01-2026,Airdopes 170,1259
16-01-2026,Airdopes 170,1259
17-01-2026,Airdopes 170,1259
18-01-2026,Airdopes 170,1259
19-01-2026,Airdopes 170,1259
20-01-2026,Airdopes 170,1259
21-01-2026,Airdopes 170,1227
22-01-2026,Airdopes 170,1227
23-01-2026,Airdopes 170,1227
24-01-2026,Airdopes 170,1227
25-01-2026,Airdopes 170,1227
26-01-2026,Airdopes 170,1227
27-01-2026,Airdopes 170,1227
28-01-2026,Airdopes 170,1227
29-01-2026,Airdopes 170,1227
30-01-2026,Airdopes 170,1227
31-01-2026,Airdopes 170,1227
01-02-2026,Airdopes 170,1227
02-02-2026,Airdopes 170,1227
03-02-2026,Airdopes 170,1227
04-02-2026,Airdopes 170,1227
05-02-2026,Airdopes 170,1227
06-02-2026,Airdopes 170,1283
07-02-2026,Airdopes 170,1283
08-02-2026,Airdopes 170,1283
09-02-2026,Airdopes 170,1283
10-02-2026,Airdopes 170,1283
11-02-2026,Airdopes 170,679
12-02-2026,Airdopes 170,679
13-02-2026,Airdopes 170,679
14-02-2026,Airdopes 170,679
15-02-2026,Airdopes 170,939
16-02-2026,Airdopes 170,939
17-02-2026,Airdopes 170,939
18-02-2026,Airdopes 170,939
19-02-2026,Airdopes 170,939
20-02-2026,Airdopes 170,1108
21-02-2026,Airdopes 170,1108
22-02-2026,Airdopes 170,1108
23-02-2026,Airdopes 170,1108
24-02-2026,Airdopes 170,1108
25-02-2026,Airdopes 170,1108
26-02-2026,Airdopes 170,1108
27-02-2026,Airdopes 170,1108
28-02-2026,Airdopes 170,1108
01-03-2026,Airdopes 170,1108
02-03-2026,Airdopes 170,1200
03-03-2026,Airdopes 170,1200
04-03-2026,Airdopes 170,1271
05-03-2026,Airdopes 170,1271
06-03-2026,Airdopes 170,1271
07-03-2026,Airdopes 170,1271
08-03-2026,Airdopes 170,1271
09-03-2026,Airdopes 170,1271
10-03-2026,Airdopes 170,1271
11-03-2026,Airdopes 170,1271
12-03-2026,Airdopes 170,1271
13-03-2026,Airdopes 170,1271
14-03-2026,Airdopes 170,1271
15-03-2026,Airdopes 170,1271
16-03-2026,Airdopes 170,1271
17-03-2026,Airdopes 170,1271
18-03-2026,Airdopes 170,1271
19-03-2026,Airdopes 170,1396
20-03-2026,Airdopes 170,1396
21-03-2026,Airdopes 170,1405
22-03-2026,Airdopes 170,1405
23-03-2026,Airdopes 170,1405
24-03-2026,Airdopes 170,1405
25-03-2026,Airdopes 170,1405
26-03-2026,Airdopes 170,1405
27-03-2026,Airdopes 170,1405
28-03-2026,Airdopes 170,1405
29-03-2026,Airdopes 170,1405
30-03-2026,Airdopes 170,1405
31-03-2026,Airdopes 170,1417
01-04-2026,Airdopes 170,1417
02-04-2026,Airdopes 170,1417
03-04-2026,Airdopes 170,1417
04-04-2026,Airdopes 170,1417
05-04-2026,Airdopes 170,1417
06-04-2026,Airdopes 170,1417
07-04-2026,Airdopes 170,1417
08-04-2026,Airdopes 170,1417
09-04-2026,Airdopes 170,1417
10-04-2026,Airdopes 170,1417
11-04-2026,Airdopes 170,1464
12-04-2026,Airdopes 170,1464
13-04-2026,Airdopes 170,1410
14-04-2026,Airdopes 170,1410
15-04-2026,Airdopes 170,1410
16-04-2026,Airdopes 170,1410
17-04-2026,Airdopes 170,1410
18-04-2026,Airdopes 170,1410
19-04-2026,Airdopes 170,1410
20-04-2026,Airdopes 170,1410
21-04-2026,Airdopes 170,1410
22-04-2026,Airdopes 170,1410
23-04-2026,Airdopes 170,1410
24-04-2026,Airdopes 170,1410
25-04-2026,Airdopes 170,1410
26-04-2026,Airdopes 170,1386
27-04-2026,Airdopes 170,1386
28-04-2026,Airdopes 170,1386
29-04-2026,Airdopes 170,1386
30-04-2026,Airdopes 170,1386
01-05-2026,Airdopes 170,1386
02-05-2026,Airdopes 170,4490
03-05-2026,Airdopes 170,4490
04-05-2026,Airdopes 170,4490
05-05-2026,Airdopes 170,3539
06-05-2026,Airdopes 170,3539
07-05-2026,Airdopes 170,3539
08-05-2026,Airdopes 170,3539
09-05-2026,Airdopes 170,3539
10-05-2026,Airdopes 170,3134
11-05-2026,Airdopes 170,2493
12-05-2026,Airdopes 170,2493
13-05-2026,Airdopes 170,2145
14-05-2026,Airdopes 170,2145
15-05-2026,Airdopes 170,2145
16-05-2026,Airdopes 170,1896
17-05-2026,Airdopes 170,1857
18-05-2026,Airdopes 170,1857
19-05-2026,Airdopes 170,1857
20-05-2026,Airdopes 170,1620
21-05-2026,Airdopes 170,1525
22-05-2026,Airdopes 170,1525
23-05-2026,Airdopes 170,1525
24-05-2026,Airdopes 170,1525
25-05-2026,Airdopes 170,1380
26-05-2026,Airdopes 170,1380
27-05-2026,Airdopes 170,1512
28-05-2026,Airdopes 170,1512
29-05-2026,Airdopes 170,1512
30-05-2026,Airdopes 170,1512
31-05-2026,Airdopes 170,1512
01-12-2025,Airdopes 181,1230
02-12-2025,Airdopes 181,1230
03-12-2025,Airdopes 181,1230
04-12-2025,Airdopes 181,1230
05-12-2025,Airdopes 181,1256
06-12-2025,Airdopes 181,1246
07-12-2025,Airdopes 181,1246
08-12-2025,Airdopes 181,1246
09-12-2025,Airdopes 181,1246
10-12-2025,Airdopes 181,1246
11-12-2025,Airdopes 181,1246
12-12-2025,Airdopes 181,1246
13-12-2025,Airdopes 181,1246
14-12-2025,Airdopes 181,1296
15-12-2025,Airdopes 181,1296
16-12-2025,Airdopes 181,1296
17-12-2025,Airdopes 181,1296
18-12-2025,Airdopes 181,1296
19-12-2025,Airdopes 181,1296
20-12-2025,Airdopes 181,1296
21-12-2025,Airdopes 181,1296
22-12-2025,Airdopes 181,1296
23-12-2025,Airdopes 181,1296
24-12-2025,Airdopes 181,1296
25-12-2025,Airdopes 181,1296
26-12-2025,Airdopes 181,1296
27-12-2025,Airdopes 181,1296
28-12-2025,Airdopes 181,1296
29-12-2025,Airdopes 181,1296
30-12-2025,Airdopes 181,1296
31-12-2025,Airdopes 181,1296
01-01-2026,Airdopes 181,1296
02-01-2026,Airdopes 181,1296
03-01-2026,Airdopes 181,1296
04-01-2026,Airdopes 181,1296
05-01-2026,Airdopes 181,1296
06-01-2026,Airdopes 181,1296
07-01-2026,Airdopes 181,1269
08-01-2026,Airdopes 181,1269
09-01-2026,Airdopes 181,1269
10-01-2026,Airdopes 181,1269
11-01-2026,Airdopes 181,1361
12-01-2026,Airdopes 181,1361
13-01-2026,Airdopes 181,1365
14-01-2026,Airdopes 181,1365
15-01-2026,Airdopes 181,1365
16-01-2026,Airdopes 181,1406
17-01-2026,Airdopes 181,1406
18-01-2026,Airdopes 181,1406
19-01-2026,Airdopes 181,1406
20-01-2026,Airdopes 181,1406
21-01-2026,Airdopes 181,1406
22-01-2026,Airdopes 181,1406
23-01-2026,Airdopes 181,1406
24-01-2026,Airdopes 181,1406
25-01-2026,Airdopes 181,1406
26-01-2026,Airdopes 181,1419
27-01-2026,Airdopes 181,1460
28-01-2026,Airdopes 181,1460
29-01-2026,Airdopes 181,1460
30-01-2026,Airdopes 181,1459
31-01-2026,Airdopes 181,1459
01-02-2026,Airdopes 181,1459
02-02-2026,Airdopes 181,1459
03-02-2026,Airdopes 181,1459
04-02-2026,Airdopes 181,1459
05-02-2026,Airdopes 181,1459
06-02-2026,Airdopes 181,1459
07-02-2026,Airdopes 181,1459
08-02-2026,Airdopes 181,1459
09-02-2026,Airdopes 181,1459
10-02-2026,Airdopes 181,1459
11-02-2026,Airdopes 181,1459
12-02-2026,Airdopes 181,1459
13-02-2026,Airdopes 181,1459
14-02-2026,Airdopes 181,1459
15-02-2026,Airdopes 181,1459
16-02-2026,Airdopes 181,1348
17-02-2026,Airdopes 181,1348
18-02-2026,Airdopes 181,1348
19-02-2026,Airdopes 181,1348
20-02-2026,Airdopes 181,1282
21-02-2026,Airdopes 181,1282
22-02-2026,Airdopes 181,1282
23-02-2026,Airdopes 181,1282
24-02-2026,Airdopes 181,1362
25-02-2026,Airdopes 181,1276
26-02-2026,Airdopes 181,1327
27-02-2026,Airdopes 181,1327
28-02-2026,Airdopes 181,1327
01-03-2026,Airdopes 181,1327
02-03-2026,Airdopes 181,1327
03-03-2026,Airdopes 181,1327
04-03-2026,Airdopes 181,1327
05-03-2026,Airdopes 181,1327
06-03-2026,Airdopes 181,1327
07-03-2026,Airdopes 181,1327
08-03-2026,Airdopes 181,1327
09-03-2026,Airdopes 181,1327
10-03-2026,Airdopes 181,1327
11-03-2026,Airdopes 181,1327
12-03-2026,Airdopes 181,4990
13-03-2026,Airdopes 181,4990
14-03-2026,Airdopes 181,4990
15-03-2026,Airdopes 181,4990
16-03-2026,Airdopes 181,4990
17-03-2026,Airdopes 181,4990
18-03-2026,Airdopes 181,4990
19-03-2026,Airdopes 181,4990
20-03-2026,Airdopes 181,4990
21-03-2026,Airdopes 181,4990
22-03-2026,Airdopes 181,3718
23-03-2026,Airdopes 181,3718
24-03-2026,Airdopes 181,3718
25-03-2026,Airdopes 181,3718
26-03-2026,Airdopes 181,3718
27-03-2026,Airdopes 181,3718
28-03-2026,Airdopes 181,3718
29-03-2026,Airdopes 181,3718
30-03-2026,Airdopes 181,3718
31-03-2026,Airdopes 181,3718
01-04-2026,Airdopes 181,2732
02-04-2026,Airdopes 181,2732
03-04-2026,Airdopes 181,2732
04-04-2026,Airdopes 181,2732
05-04-2026,Airdopes 181,2732
06-04-2026,Airdopes 181,2372
07-04-2026,Airdopes 181,2372
08-04-2026,Airdopes 181,2372
09-04-2026,Airdopes 181,2372
10-04-2026,Airdopes 181,2091
11-04-2026,Airdopes 181,2091
12-04-2026,Airdopes 181,2091
13-04-2026,Airdopes 181,1755
14-04-2026,Airdopes 181,1755
15-04-2026,Airdopes 181,1755
16-04-2026,Airdopes 181,1755
17-04-2026,Airdopes 181,1755
18-04-2026,Airdopes 181,1755
19-04-2026,Airdopes 181,1558
20-04-2026,Airdopes 181,1498
21-04-2026,Airdopes 181,1498
22-04-2026,Airdopes 181,1498
23-04-2026,Airdopes 181,1531
24-04-2026,Airdopes 181,1531
25-04-2026,Airdopes 181,1531
26-04-2026,Airdopes 181,1531
27-04-2026,Airdopes 181,1531
28-04-2026,Airdopes 181,1325
29-04-2026,Airdopes 181,1325
30-04-2026,Airdopes 181,1360
01-05-2026,Airdopes 181,1360
02-05-2026,Airdopes 181,1360
03-05-2026,Airdopes 181,1360
04-05-2026,Airdopes 181,1360
05-05-2026,Airdopes 181,1360
06-05-2026,Airdopes 181,1360
07-05-2026,Airdopes 181,1360
08-05-2026,Airdopes 181,1360
09-05-2026,Airdopes 181,1360
10-05-2026,Airdopes 181,1360
11-05-2026,Airdopes 181,1432
12-05-2026,Airdopes 181,1432
13-05-2026,Airdopes 181,1432
14-05-2026,Airdopes 181,1432
15-05-2026,Airdopes 181,1283
16-05-2026,Airdopes 181,999
17-05-2026,Airdopes 181,999
18-05-2026,Airdopes 181,999
19-05-2026,Airdopes 181,999
20-05-2026,Airdopes 181,999
21-05-2026,Airdopes 181,999
22-05-2026,Airdopes 181,999
23-05-2026,Airdopes 181,999
24-05-2026,Airdopes 181,999
25-05-2026,Airdopes 181,999
26-05-2026,Airdopes 181,999
27-05-2026,Airdopes 181,999
28-05-2026,Airdopes 181,999
29-05-2026,Airdopes 181,999
30-05-2026,Airdopes 181,999
31-05-2026,Airdopes 181,999
01-12-2025,Rockerz 255 Pro+,1175
02-12-2025,Rockerz 255 Pro+,1175
03-12-2025,Rockerz 255 Pro+,1175
04-12-2025,Rockerz 255 Pro+,1244
05-12-2025,Rockerz 255 Pro+,1244
06-12-2025,Rockerz 255 Pro+,1244
07-12-2025,Rockerz 255 Pro+,1244
08-12-2025,Rockerz 255 Pro+,1244
09-12-2025,Rockerz 255 Pro+,1186
10-12-2025,Rockerz 255 Pro+,1186
11-12-2025,Rockerz 255 Pro+,1186
12-12-2025,Rockerz 255 Pro+,1186
13-12-2025,Rockerz 255 Pro+,1186
14-12-2025,Rockerz 255 Pro+,1186
15-12-2025,Rockerz 255 Pro+,1186
16-12-2025,Rockerz 255 Pro+,1186
17-12-2025,Rockerz 255 Pro+,1186
18-12-2025,Rockerz 255 Pro+,1186
19-12-2025,Rockerz 255 Pro+,1186
20-12-2025,Rockerz 255 Pro+,1186
21-12-2025,Rockerz 255 Pro+,1186
22-12-2025,Rockerz 255 Pro+,1186
23-12-2025,Rockerz 255 Pro+,1193
24-12-2025,Rockerz 255 Pro+,1174
25-12-2025,Rockerz 255 Pro+,1157
26-12-2025,Rockerz 255 Pro+,1157
27-12-2025,Rockerz 255 Pro+,1157
28-12-2025,Rockerz 255 Pro+,1157
29-12-2025,Rockerz 255 Pro+,1157
30-12-2025,Rockerz 255 Pro+,1157
31-12-2025,Rockerz 255 Pro+,1157
01-01-2026,Rockerz 255 Pro+,1199
02-01-2026,Rockerz 255 Pro+,1199
03-01-2026,Rockerz 255 Pro+,1199
04-01-2026,Rockerz 255 Pro+,1199
05-01-2026,Rockerz 255 Pro+,1199
06-01-2026,Rockerz 255 Pro+,1199
07-01-2026,Rockerz 255 Pro+,1199
08-01-2026,Rockerz 255 Pro+,1199
09-01-2026,Rockerz 255 Pro+,1199
10-01-2026,Rockerz 255 Pro+,1204
11-01-2026,Rockerz 255 Pro+,1204
12-01-2026,Rockerz 255 Pro+,1204
13-01-2026,Rockerz 255 Pro+,1285
14-01-2026,Rockerz 255 Pro+,1285
15-01-2026,Rockerz 255 Pro+,1155
16-01-2026,Rockerz 255 Pro+,1155
17-01-2026,Rockerz 255 Pro+,1155
18-01-2026,Rockerz 255 Pro+,1155
19-01-2026,Rockerz 255 Pro+,1155
20-01-2026,Rockerz 255 Pro+,1155
21-01-2026,Rockerz 255 Pro+,1155
22-01-2026,Rockerz 255 Pro+,1155
23-01-2026,Rockerz 255 Pro+,1155
24-01-2026,Rockerz 255 Pro+,1155
25-01-2026,Rockerz 255 Pro+,1155
26-01-2026,Rockerz 255 Pro+,1155
27-01-2026,Rockerz 255 Pro+,1155
28-01-2026,Rockerz 255 Pro+,1155
29-01-2026,Rockerz 255 Pro+,1155
30-01-2026,Rockerz 255 Pro+,1155
31-01-2026,Rockerz 255 Pro+,1155
01-02-2026,Rockerz 255 Pro+,1155
02-02-2026,Rockerz 255 Pro+,1155
03-02-2026,Rockerz 255 Pro+,1155
04-02-2026,Rockerz 255 Pro+,1155
05-02-2026,Rockerz 255 Pro+,1155
06-02-2026,Rockerz 255 Pro+,1155
07-02-2026,Rockerz 255 Pro+,1155
08-02-2026,Rockerz 255 Pro+,1155
09-02-2026,Rockerz 255 Pro+,1132
10-02-2026,Rockerz 255 Pro+,1132
11-02-2026,Rockerz 255 Pro+,1132
12-02-2026,Rockerz 255 Pro+,1132
13-02-2026,Rockerz 255 Pro+,1132
14-02-2026,Rockerz 255 Pro+,1132
15-02-2026,Rockerz 255 Pro+,1067
16-02-2026,Rockerz 255 Pro+,1067
17-02-2026,Rockerz 255 Pro+,1067
18-02-2026,Rockerz 255 Pro+,1067
19-02-2026,Rockerz 255 Pro+,1067
20-02-2026,Rockerz 255 Pro+,1067
21-02-2026,Rockerz 255 Pro+,1067
22-02-2026,Rockerz 255 Pro+,1117
23-02-2026,Rockerz 255 Pro+,1070
24-02-2026,Rockerz 255 Pro+,1070
25-02-2026,Rockerz 255 Pro+,1070
26-02-2026,Rockerz 255 Pro+,1070
27-02-2026,Rockerz 255 Pro+,1070
28-02-2026,Rockerz 255 Pro+,1070
01-03-2026,Rockerz 255 Pro+,1070
02-03-2026,Rockerz 255 Pro+,1070
03-03-2026,Rockerz 255 Pro+,1070
04-03-2026,Rockerz 255 Pro+,1070
05-03-2026,Rockerz 255 Pro+,1070
06-03-2026,Rockerz 255 Pro+,1070
07-03-2026,Rockerz 255 Pro+,1070
08-03-2026,Rockerz 255 Pro+,1070
09-03-2026,Rockerz 255 Pro+,1070
10-03-2026,Rockerz 255 Pro+,1070
11-03-2026,Rockerz 255 Pro+,1070
12-03-2026,Rockerz 255 Pro+,1021
13-03-2026,Rockerz 255 Pro+,1021
14-03-2026,Rockerz 255 Pro+,1113
15-03-2026,Rockerz 255 Pro+,1113
16-03-2026,Rockerz 255 Pro+,1113
17-03-2026,Rockerz 255 Pro+,1113
18-03-2026,Rockerz 255 Pro+,1113
19-03-2026,Rockerz 255 Pro+,1113
20-03-2026,Rockerz 255 Pro+,1113
21-03-2026,Rockerz 255 Pro+,1113
22-03-2026,Rockerz 255 Pro+,1113
23-03-2026,Rockerz 255 Pro+,1113
24-03-2026,Rockerz 255 Pro+,1113
25-03-2026,Rockerz 255 Pro+,1113
26-03-2026,Rockerz 255 Pro+,1113
27-03-2026,Rockerz 255 Pro+,1113
28-03-2026,Rockerz 255 Pro+,1113
29-03-2026,Rockerz 255 Pro+,1113
30-03-2026,Rockerz 255 Pro+,1113
31-03-2026,Rockerz 255 Pro+,1113
01-04-2026,Rockerz 255 Pro+,1113
02-04-2026,Rockerz 255 Pro+,1113
03-04-2026,Rockerz 255 Pro+,1113
04-04-2026,Rockerz 255 Pro+,1113
05-04-2026,Rockerz 255 Pro+,1113
06-04-2026,Rockerz 255 Pro+,1070
07-04-2026,Rockerz 255 Pro+,1094
08-04-2026,Rockerz 255 Pro+,1094
09-04-2026,Rockerz 255 Pro+,1094
10-04-2026,Rockerz 255 Pro+,1094
11-04-2026,Rockerz 255 Pro+,1094
12-04-2026,Rockerz 255 Pro+,1094
13-04-2026,Rockerz 255 Pro+,899
14-04-2026,Rockerz 255 Pro+,899
15-04-2026,Rockerz 255 Pro+,899
16-04-2026,Rockerz 255 Pro+,1019
17-04-2026,Rockerz 255 Pro+,1019
18-04-2026,Rockerz 255 Pro+,1019
19-04-2026,Rockerz 255 Pro+,1019
20-04-2026,Rockerz 255 Pro+,1019
21-04-2026,Rockerz 255 Pro+,1019
22-04-2026,Rockerz 255 Pro+,1019
23-04-2026,Rockerz 255 Pro+,1019
24-04-2026,Rockerz 255 Pro+,1019
25-04-2026,Rockerz 255 Pro+,1091
26-04-2026,Rockerz 255 Pro+,1091
27-04-2026,Rockerz 255 Pro+,1091
28-04-2026,Rockerz 255 Pro+,1091
29-04-2026,Rockerz 255 Pro+,1091
30-04-2026,Rockerz 255 Pro+,1091
01-05-2026,Rockerz 255 Pro+,1091
02-05-2026,Rockerz 255 Pro+,1091
03-05-2026,Rockerz 255 Pro+,1140
04-05-2026,Rockerz 255 Pro+,1140
05-05-2026,Rockerz 255 Pro+,1140
06-05-2026,Rockerz 255 Pro+,1140
07-05-2026,Rockerz 255 Pro+,1140
08-05-2026,Rockerz 255 Pro+,1178
09-05-2026,Rockerz 255 Pro+,1142
10-05-2026,Rockerz 255 Pro+,1117
11-05-2026,Rockerz 255 Pro+,1117
12-05-2026,Rockerz 255 Pro+,1117
13-05-2026,Rockerz 255 Pro+,1117
14-05-2026,Rockerz 255 Pro+,1117
15-05-2026,Rockerz 255 Pro+,1117
16-05-2026,Rockerz 255 Pro+,1117
17-05-2026,Rockerz 255 Pro+,1117
18-05-2026,Rockerz 255 Pro+,4490
19-05-2026,Rockerz 255 Pro+,4490
20-05-2026,Rockerz 255 Pro+,4490
21-05-2026,Rockerz 255 Pro+,4490
22-05-2026,Rockerz 255 Pro+,4490
23-05-2026,Rockerz 255 Pro+,4490
24-05-2026,Rockerz 255 Pro+,3186
25-05-2026,Rockerz 255 Pro+,3186
26-05-2026,Rockerz 255 Pro+,3186
27-05-2026,Rockerz 255 Pro+,3186
28-05-2026,Rockerz 255 Pro+,2711
29-05-2026,Rockerz 255 Pro+,2711
30-05-2026,Rockerz 255 Pro+,2283
31-05-2026,Rockerz 255 Pro+,2283
01-12-2025,Rockerz 255 Max,1538
02-12-2025,Rockerz 255 Max,1525
03-12-2025,Rockerz 255 Max,1525
04-12-2025,Rockerz 255 Max,1525
05-12-2025,Rockerz 255 Max,1422
06-12-2025,Rockerz 255 Max,1422
07-12-2025,Rockerz 255 Max,1422
08-12-2025,Rockerz 255 Max,1422
09-12-2025,Rockerz 255 Max,1463
10-12-2025,Rockerz 255 Max,1463
11-12-2025,Rockerz 255 Max,1463
12-12-2025,Rockerz 255 Max,1458
13-12-2025,Rockerz 255 Max,1458
14-12-2025,Rockerz 255 Max,1458
15-12-2025,Rockerz 255 Max,1458
16-12-2025,Rockerz 255 Max,1458
17-12-2025,Rockerz 255 Max,1458
18-12-2025,Rockerz 255 Max,1458
19-12-2025,Rockerz 255 Max,1458
20-12-2025,Rockerz 255 Max,1458
21-12-2025,Rockerz 255 Max,1458
22-12-2025,Rockerz 255 Max,1596
23-12-2025,Rockerz 255 Max,1596
24-12-2025,Rockerz 255 Max,1596
25-12-2025,Rockerz 255 Max,1596
26-12-2025,Rockerz 255 Max,1596
27-12-2025,Rockerz 255 Max,1528
28-12-2025,Rockerz 255 Max,1528
29-12-2025,Rockerz 255 Max,1528
30-12-2025,Rockerz 255 Max,1528
31-12-2025,Rockerz 255 Max,1528
01-01-2026,Rockerz 255 Max,1528
02-01-2026,Rockerz 255 Max,1528
03-01-2026,Rockerz 255 Max,1528
04-01-2026,Rockerz 255 Max,1528
05-01-2026,Rockerz 255 Max,1528
06-01-2026,Rockerz 255 Max,1528
07-01-2026,Rockerz 255 Max,1659
08-01-2026,Rockerz 255 Max,1509
09-01-2026,Rockerz 255 Max,1509
10-01-2026,Rockerz 255 Max,1509
11-01-2026,Rockerz 255 Max,1509
12-01-2026,Rockerz 255 Max,1509
13-01-2026,Rockerz 255 Max,1478
14-01-2026,Rockerz 255 Max,1478
15-01-2026,Rockerz 255 Max,1478
16-01-2026,Rockerz 255 Max,1410
17-01-2026,Rockerz 255 Max,1410
18-01-2026,Rockerz 255 Max,1410
19-01-2026,Rockerz 255 Max,1410
20-01-2026,Rockerz 255 Max,1410
21-01-2026,Rockerz 255 Max,1410
22-01-2026,Rockerz 255 Max,1410
23-01-2026,Rockerz 255 Max,1410
24-01-2026,Rockerz 255 Max,1476
25-01-2026,Rockerz 255 Max,1476
26-01-2026,Rockerz 255 Max,1476
27-01-2026,Rockerz 255 Max,1476
28-01-2026,Rockerz 255 Max,1476
29-01-2026,Rockerz 255 Max,1476
30-01-2026,Rockerz 255 Max,1549
31-01-2026,Rockerz 255 Max,1549
01-02-2026,Rockerz 255 Max,1549
02-02-2026,Rockerz 255 Max,1549
03-02-2026,Rockerz 255 Max,1574
04-02-2026,Rockerz 255 Max,1574
05-02-2026,Rockerz 255 Max,1574
06-02-2026,Rockerz 255 Max,1574
07-02-2026,Rockerz 255 Max,1574
08-02-2026,Rockerz 255 Max,1638
09-02-2026,Rockerz 255 Max,1524
10-02-2026,Rockerz 255 Max,1524
11-02-2026,Rockerz 255 Max,1524
12-02-2026,Rockerz 255 Max,1524
13-02-2026,Rockerz 255 Max,1524
14-02-2026,Rockerz 255 Max,1524
15-02-2026,Rockerz 255 Max,1524
16-02-2026,Rockerz 255 Max,1524
17-02-2026,Rockerz 255 Max,1524
18-02-2026,Rockerz 255 Max,1524
19-02-2026,Rockerz 255 Max,1524
20-02-2026,Rockerz 255 Max,1414
21-02-2026,Rockerz 255 Max,1414
22-02-2026,Rockerz 255 Max,1414
23-02-2026,Rockerz 255 Max,1501
24-02-2026,Rockerz 255 Max,1501
25-02-2026,Rockerz 255 Max,1501
26-02-2026,Rockerz 255 Max,1501
27-02-2026,Rockerz 255 Max,1501
28-02-2026,Rockerz 255 Max,1501
01-03-2026,Rockerz 255 Max,1501
02-03-2026,Rockerz 255 Max,1501
03-03-2026,Rockerz 255 Max,1501
04-03-2026,Rockerz 255 Max,1592
05-03-2026,Rockerz 255 Max,1691
06-03-2026,Rockerz 255 Max,1691
07-03-2026,Rockerz 255 Max,1691
08-03-2026,Rockerz 255 Max,1691
09-03-2026,Rockerz 255 Max,1691
10-03-2026,Rockerz 255 Max,1691
11-03-2026,Rockerz 255 Max,1691
12-03-2026,Rockerz 255 Max,1691
13-03-2026,Rockerz 255 Max,1691
14-03-2026,Rockerz 255 Max,1691
15-03-2026,Rockerz 255 Max,1691
16-03-2026,Rockerz 255 Max,1691
17-03-2026,Rockerz 255 Max,1691
18-03-2026,Rockerz 255 Max,1637
19-03-2026,Rockerz 255 Max,1637
20-03-2026,Rockerz 255 Max,1637
21-03-2026,Rockerz 255 Max,1637
22-03-2026,Rockerz 255 Max,1637
23-03-2026,Rockerz 255 Max,1475
24-03-2026,Rockerz 255 Max,1475
25-03-2026,Rockerz 255 Max,1475
26-03-2026,Rockerz 255 Max,1521
27-03-2026,Rockerz 255 Max,1521
28-03-2026,Rockerz 255 Max,1521
29-03-2026,Rockerz 255 Max,1521
30-03-2026,Rockerz 255 Max,1521
31-03-2026,Rockerz 255 Max,1521
01-04-2026,Rockerz 255 Max,749
02-04-2026,Rockerz 255 Max,749
03-04-2026,Rockerz 255 Max,749
04-04-2026,Rockerz 255 Max,749
05-04-2026,Rockerz 255 Max,749
06-04-2026,Rockerz 255 Max,749
07-04-2026,Rockerz 255 Max,749
08-04-2026,Rockerz 255 Max,749
09-04-2026,Rockerz 255 Max,749
10-04-2026,Rockerz 255 Max,749
11-04-2026,Rockerz 255 Max,749
12-04-2026,Rockerz 255 Max,749
13-04-2026,Rockerz 255 Max,749
14-04-2026,Rockerz 255 Max,749
15-04-2026,Rockerz 255 Max,749
16-04-2026,Rockerz 255 Max,749
17-04-2026,Rockerz 255 Max,749
18-04-2026,Rockerz 255 Max,749
19-04-2026,Rockerz 255 Max,991
20-04-2026,Rockerz 255 Max,991
21-04-2026,Rockerz 255 Max,991
22-04-2026,Rockerz 255 Max,991
23-04-2026,Rockerz 255 Max,1079
24-04-2026,Rockerz 255 Max,1079
25-04-2026,Rockerz 255 Max,1079
26-04-2026,Rockerz 255 Max,1079
27-04-2026,Rockerz 255 Max,1079
28-04-2026,Rockerz 255 Max,1079
29-04-2026,Rockerz 255 Max,1079
30-04-2026,Rockerz 255 Max,1079
01-05-2026,Rockerz 255 Max,1079
02-05-2026,Rockerz 255 Max,1079
03-05-2026,Rockerz 255 Max,1079
04-05-2026,Rockerz 255 Max,3990
05-05-2026,Rockerz 255 Max,3990
06-05-2026,Rockerz 255 Max,3990
07-05-2026,Rockerz 255 Max,3990
08-05-2026,Rockerz 255 Max,3990
09-05-2026,Rockerz 255 Max,3990
10-05-2026,Rockerz 255 Max,3990
11-05-2026,Rockerz 255 Max,3240
12-05-2026,Rockerz 255 Max,3240
13-05-2026,Rockerz 255 Max,3240
14-05-2026,Rockerz 255 Max,3240
15-05-2026,Rockerz 255 Max,2477
16-05-2026,Rockerz 255 Max,2477
17-05-2026,Rockerz 255 Max,2477
18-05-2026,Rockerz 255 Max,2119
19-05-2026,Rockerz 255 Max,2119
20-05-2026,Rockerz 255 Max,2119
21-05-2026,Rockerz 255 Max,2119
22-05-2026,Rockerz 255 Max,2119
23-05-2026,Rockerz 255 Max,2119
24-05-2026,Rockerz 255 Max,2119
25-05-2026,Rockerz 255 Max,2119
26-05-2026,Rockerz 255 Max,1784
27-05-2026,Rockerz 255 Max,1784
28-05-2026,Rockerz 255 Max,1784
29-05-2026,Rockerz 255 Max,1784
30-05-2026,Rockerz 255 Max,1784
31-05-2026,Rockerz 255 Max,1784
01-12-2025,Rockerz 330,1336
02-12-2025,Rockerz 330,1336
03-12-2025,Rockerz 330,1336
04-12-2025,Rockerz 330,1336
05-12-2025,Rockerz 330,1336
06-12-2025,Rockerz 330,1336
07-12-2025,Rockerz 330,1336
08-12-2025,Rockerz 330,1336
09-12-2025,Rockerz 330,1336
10-12-2025,Rockerz 330,1264
11-12-2025,Rockerz 330,1264
12-12-2025,Rockerz 330,1264
13-12-2025,Rockerz 330,1264
14-12-2025,Rockerz 330,1264
15-12-2025,Rockerz 330,1264
16-12-2025,Rockerz 330,1264
17-12-2025,Rockerz 330,1264
18-12-2025,Rockerz 330,1264
19-12-2025,Rockerz 330,1264
20-12-2025,Rockerz 330,1264
21-12-2025,Rockerz 330,1310
22-12-2025,Rockerz 330,1310
23-12-2025,Rockerz 330,1310
24-12-2025,Rockerz 330,1310
25-12-2025,Rockerz 330,1310
26-12-2025,Rockerz 330,1310
27-12-2025,Rockerz 330,1310
28-12-2025,Rockerz 330,1310
29-12-2025,Rockerz 330,1310
30-12-2025,Rockerz 330,1310
31-12-2025,Rockerz 330,1310
01-01-2026,Rockerz 330,1310
02-01-2026,Rockerz 330,1310
03-01-2026,Rockerz 330,1310
04-01-2026,Rockerz 330,1310
05-01-2026,Rockerz 330,1310
06-01-2026,Rockerz 330,1310
07-01-2026,Rockerz 330,1310
08-01-2026,Rockerz 330,1215
09-01-2026,Rockerz 330,1215
10-01-2026,Rockerz 330,1215
11-01-2026,Rockerz 330,1215
12-01-2026,Rockerz 330,1215
13-01-2026,Rockerz 330,1215
14-01-2026,Rockerz 330,1215
15-01-2026,Rockerz 330,1215
16-01-2026,Rockerz 330,1215
17-01-2026,Rockerz 330,1215
18-01-2026,Rockerz 330,1155
19-01-2026,Rockerz 330,1155
20-01-2026,Rockerz 330,1155
21-01-2026,Rockerz 330,1135
22-01-2026,Rockerz 330,1135
23-01-2026,Rockerz 330,1135
24-01-2026,Rockerz 330,1135
25-01-2026,Rockerz 330,1135
26-01-2026,Rockerz 330,1135
27-01-2026,Rockerz 330,1138
28-01-2026,Rockerz 330,1138
29-01-2026,Rockerz 330,1138
30-01-2026,Rockerz 330,1138
31-01-2026,Rockerz 330,1138
01-02-2026,Rockerz 330,1257
02-02-2026,Rockerz 330,1383
03-02-2026,Rockerz 330,1383
04-02-2026,Rockerz 330,1383
05-02-2026,Rockerz 330,1383
06-02-2026,Rockerz 330,1383
07-02-2026,Rockerz 330,1383
08-02-2026,Rockerz 330,1383
09-02-2026,Rockerz 330,1383
10-02-2026,Rockerz 330,1383
11-02-2026,Rockerz 330,1383
12-02-2026,Rockerz 330,1383
13-02-2026,Rockerz 330,1383
14-02-2026,Rockerz 330,1437
15-02-2026,Rockerz 330,1437
16-02-2026,Rockerz 330,1437
17-02-2026,Rockerz 330,1437
18-02-2026,Rockerz 330,1437
19-02-2026,Rockerz 330,1437
20-02-2026,Rockerz 330,1317
21-02-2026,Rockerz 330,1227
22-02-2026,Rockerz 330,1227
23-02-2026,Rockerz 330,1227
24-02-2026,Rockerz 330,1227
25-02-2026,Rockerz 330,1227
26-02-2026,Rockerz 330,1227
27-02-2026,Rockerz 330,1227
28-02-2026,Rockerz 330,1227
01-03-2026,Rockerz 330,1227
02-03-2026,Rockerz 330,1227
03-03-2026,Rockerz 330,1227
04-03-2026,Rockerz 330,1227
05-03-2026,Rockerz 330,1227
06-03-2026,Rockerz 330,1227
07-03-2026,Rockerz 330,1227
08-03-2026,Rockerz 330,1227
09-03-2026,Rockerz 330,299
10-03-2026,Rockerz 330,299
11-03-2026,Rockerz 330,299
12-03-2026,Rockerz 330,299
13-03-2026,Rockerz 330,627
14-03-2026,Rockerz 330,627
15-03-2026,Rockerz 330,627
16-03-2026,Rockerz 330,627
17-03-2026,Rockerz 330,811
18-03-2026,Rockerz 330,971
19-03-2026,Rockerz 330,971
20-03-2026,Rockerz 330,971
21-03-2026,Rockerz 330,971
22-03-2026,Rockerz 330,1044
23-03-2026,Rockerz 330,1499
24-03-2026,Rockerz 330,1499
25-03-2026,Rockerz 330,1499
26-03-2026,Rockerz 330,1499
27-03-2026,Rockerz 330,1499
28-03-2026,Rockerz 330,1499
29-03-2026,Rockerz 330,1499
30-03-2026,Rockerz 330,1499
31-03-2026,Rockerz 330,1499
01-04-2026,Rockerz 330,1409
02-04-2026,Rockerz 330,1278
03-04-2026,Rockerz 330,1205
04-04-2026,Rockerz 330,1299
05-04-2026,Rockerz 330,1299
06-04-2026,Rockerz 330,1299
07-04-2026,Rockerz 330,1299
08-04-2026,Rockerz 330,1299
09-04-2026,Rockerz 330,1299
10-04-2026,Rockerz 330,1320
11-04-2026,Rockerz 330,1320
12-04-2026,Rockerz 330,1320
13-04-2026,Rockerz 330,1320
14-04-2026,Rockerz 330,1320
15-04-2026,Rockerz 330,1320
16-04-2026,Rockerz 330,1320
17-04-2026,Rockerz 330,1320
18-04-2026,Rockerz 330,1320
19-04-2026,Rockerz 330,1320
20-04-2026,Rockerz 330,1320
21-04-2026,Rockerz 330,1320
22-04-2026,Rockerz 330,1320
23-04-2026,Rockerz 330,1285
24-04-2026,Rockerz 330,1267
25-04-2026,Rockerz 330,1267
26-04-2026,Rockerz 330,1267
27-04-2026,Rockerz 330,1267
28-04-2026,Rockerz 330,1267
29-04-2026,Rockerz 330,1267
30-04-2026,Rockerz 330,1267
01-05-2026,Rockerz 330,1267
02-05-2026,Rockerz 330,1267
03-05-2026,Rockerz 330,1267
04-05-2026,Rockerz 330,1365
05-05-2026,Rockerz 330,1365
06-05-2026,Rockerz 330,1449
07-05-2026,Rockerz 330,1449
08-05-2026,Rockerz 330,1469
09-05-2026,Rockerz 330,1469
10-05-2026,Rockerz 330,1469
11-05-2026,Rockerz 330,1421
12-05-2026,Rockerz 330,1395
13-05-2026,Rockerz 330,1395
14-05-2026,Rockerz 330,1395
15-05-2026,Rockerz 330,1395
16-05-2026,Rockerz 330,1395
17-05-2026,Rockerz 330,1395
18-05-2026,Rockerz 330,1395
19-05-2026,Rockerz 330,1395
20-05-2026,Rockerz 330,1395
21-05-2026,Rockerz 330,1395
22-05-2026,Rockerz 330,1395
23-05-2026,Rockerz 330,1395
24-05-2026,Rockerz 330,1395
25-05-2026,Rockerz 330,1395
26-05-2026,Rockerz 330,1395
27-05-2026,Rockerz 330,1395
28-05-2026,Rockerz 330,1395
29-05-2026,Rockerz 330,1395
30-05-2026,Rockerz 330,1395
31-05-2026,Rockerz 330,1395
01-12-2025,Rockerz 113,794
02-12-2025,Rockerz 113,794
03-12-2025,Rockerz 113,794
04-12-2025,Rockerz 113,794
05-12-2025,Rockerz 113,794
06-12-2025,Rockerz 113,794
07-12-2025,Rockerz 113,794
08-12-2025,Rockerz 113,794
09-12-2025,Rockerz 113,794
10-12-2025,Rockerz 113,794
11-12-2025,Rockerz 113,794
12-12-2025,Rockerz 113,802
13-12-2025,Rockerz 113,802
14-12-2025,Rockerz 113,802
15-12-2025,Rockerz 113,802
16-12-2025,Rockerz 113,802
17-12-2025,Rockerz 113,802
18-12-2025,Rockerz 113,802
19-12-2025,Rockerz 113,802
20-12-2025,Rockerz 113,802
21-12-2025,Rockerz 113,802
22-12-2025,Rockerz 113,802
23-12-2025,Rockerz 113,751
24-12-2025,Rockerz 113,741
25-12-2025,Rockerz 113,741
26-12-2025,Rockerz 113,741
27-12-2025,Rockerz 113,741
28-12-2025,Rockerz 113,741
29-12-2025,Rockerz 113,741
30-12-2025,Rockerz 113,741
31-12-2025,Rockerz 113,741
01-01-2026,Rockerz 113,741
02-01-2026,Rockerz 113,741
03-01-2026,Rockerz 113,741
04-01-2026,Rockerz 113,741
05-01-2026,Rockerz 113,741
06-01-2026,Rockerz 113,741
07-01-2026,Rockerz 113,741
08-01-2026,Rockerz 113,803
09-01-2026,Rockerz 113,803
10-01-2026,Rockerz 113,803
11-01-2026,Rockerz 113,803
12-01-2026,Rockerz 113,803
13-01-2026,Rockerz 113,811
14-01-2026,Rockerz 113,811
15-01-2026,Rockerz 113,811
16-01-2026,Rockerz 113,811
17-01-2026,Rockerz 113,811
18-01-2026,Rockerz 113,811
19-01-2026,Rockerz 113,520
20-01-2026,Rockerz 113,520
21-01-2026,Rockerz 113,520
22-01-2026,Rockerz 113,520
23-01-2026,Rockerz 113,520
24-01-2026,Rockerz 113,520
25-01-2026,Rockerz 113,520
26-01-2026,Rockerz 113,520
27-01-2026,Rockerz 113,520
28-01-2026,Rockerz 113,520
29-01-2026,Rockerz 113,520
30-01-2026,Rockerz 113,520
31-01-2026,Rockerz 113,520
01-02-2026,Rockerz 113,520
02-02-2026,Rockerz 113,520
03-02-2026,Rockerz 113,520
04-02-2026,Rockerz 113,520
05-02-2026,Rockerz 113,520
06-02-2026,Rockerz 113,520
07-02-2026,Rockerz 113,520
08-02-2026,Rockerz 113,600
09-02-2026,Rockerz 113,600
10-02-2026,Rockerz 113,654
11-02-2026,Rockerz 113,654
12-02-2026,Rockerz 113,654
13-02-2026,Rockerz 113,654
14-02-2026,Rockerz 113,716
15-02-2026,Rockerz 113,716
16-02-2026,Rockerz 113,716
17-02-2026,Rockerz 113,716
18-02-2026,Rockerz 113,713
19-02-2026,Rockerz 113,713
20-02-2026,Rockerz 113,795
21-02-2026,Rockerz 113,795
22-02-2026,Rockerz 113,795
23-02-2026,Rockerz 113,795
24-02-2026,Rockerz 113,795
25-02-2026,Rockerz 113,795
26-02-2026,Rockerz 113,795
27-02-2026,Rockerz 113,824
28-02-2026,Rockerz 113,824
01-03-2026,Rockerz 113,824
02-03-2026,Rockerz 113,824
03-03-2026,Rockerz 113,800
04-03-2026,Rockerz 113,800
05-03-2026,Rockerz 113,800
06-03-2026,Rockerz 113,800
07-03-2026,Rockerz 113,800
08-03-2026,Rockerz 113,742
09-03-2026,Rockerz 113,777
10-03-2026,Rockerz 113,777
11-03-2026,Rockerz 113,777
12-03-2026,Rockerz 113,777
13-03-2026,Rockerz 113,777
14-03-2026,Rockerz 113,777
15-03-2026,Rockerz 113,777
16-03-2026,Rockerz 113,777
17-03-2026,Rockerz 113,777
18-03-2026,Rockerz 113,777
19-03-2026,Rockerz 113,777
20-03-2026,Rockerz 113,746
21-03-2026,Rockerz 113,746
22-03-2026,Rockerz 113,746
23-03-2026,Rockerz 113,746
24-03-2026,Rockerz 113,746
25-03-2026,Rockerz 113,746
26-03-2026,Rockerz 113,746
27-03-2026,Rockerz 113,820
28-03-2026,Rockerz 113,820
29-03-2026,Rockerz 113,820
30-03-2026,Rockerz 113,809
31-03-2026,Rockerz 113,809
01-04-2026,Rockerz 113,809
02-04-2026,Rockerz 113,809
03-04-2026,Rockerz 113,809
04-04-2026,Rockerz 113,809
05-04-2026,Rockerz 113,809
06-04-2026,Rockerz 113,809
07-04-2026,Rockerz 113,809
08-04-2026,Rockerz 113,809
09-04-2026,Rockerz 113,742
10-04-2026,Rockerz 113,747
11-04-2026,Rockerz 113,747
12-04-2026,Rockerz 113,703
13-04-2026,Rockerz 113,703
14-04-2026,Rockerz 113,703
15-04-2026,Rockerz 113,703
16-04-2026,Rockerz 113,703
17-04-2026,Rockerz 113,705
18-04-2026,Rockerz 113,705
19-04-2026,Rockerz 113,705
20-04-2026,Rockerz 113,705
21-04-2026,Rockerz 113,712
22-04-2026,Rockerz 113,712
23-04-2026,Rockerz 113,2490
24-04-2026,Rockerz 113,2490
25-04-2026,Rockerz 113,2490
26-04-2026,Rockerz 113,1828
27-04-2026,Rockerz 113,1828
28-04-2026,Rockerz 113,1828
29-04-2026,Rockerz 113,1828
30-04-2026,Rockerz 113,1828
01-05-2026,Rockerz 113,1828
02-05-2026,Rockerz 113,1828
03-05-2026,Rockerz 113,1828
04-05-2026,Rockerz 113,1828
05-05-2026,Rockerz 113,1828
06-05-2026,Rockerz 113,1828
07-05-2026,Rockerz 113,1828
08-05-2026,Rockerz 113,1828
09-05-2026,Rockerz 113,1828
10-05-2026,Rockerz 113,1828
11-05-2026,Rockerz 113,1828
12-05-2026,Rockerz 113,1828
13-05-2026,Rockerz 113,1828
14-05-2026,Rockerz 113,1828
15-05-2026,Rockerz 113,1828
16-05-2026,Rockerz 113,1511
17-05-2026,Rockerz 113,1171
18-05-2026,Rockerz 113,1171
19-05-2026,Rockerz 113,1171
20-05-2026,Rockerz 113,1171
21-05-2026,Rockerz 113,1171
22-05-2026,Rockerz 113,1171
23-05-2026,Rockerz 113,1171
24-05-2026,Rockerz 113,1171
25-05-2026,Rockerz 113,1171
26-05-2026,Rockerz 113,1171
27-05-2026,Rockerz 113,1171
28-05-2026,Rockerz 113,1171
29-05-2026,Rockerz 113,1171
30-05-2026,Rockerz 113,1171
31-05-2026,Rockerz 113,1134
01-12-2025,Rockerz 235 pro,858
02-12-2025,Rockerz 235 pro,828
03-12-2025,Rockerz 235 pro,828
04-12-2025,Rockerz 235 pro,828
05-12-2025,Rockerz 235 pro,828
06-12-2025,Rockerz 235 pro,828
07-12-2025,Rockerz 235 pro,828
08-12-2025,Rockerz 235 pro,828
09-12-2025,Rockerz 235 pro,828
10-12-2025,Rockerz 235 pro,828
11-12-2025,Rockerz 235 pro,828
12-12-2025,Rockerz 235 pro,828
13-12-2025,Rockerz 235 pro,828
14-12-2025,Rockerz 235 pro,828
15-12-2025,Rockerz 235 pro,828
16-12-2025,Rockerz 235 pro,828
17-12-2025,Rockerz 235 pro,779
18-12-2025,Rockerz 235 pro,779
19-12-2025,Rockerz 235 pro,779
20-12-2025,Rockerz 235 pro,779
21-12-2025,Rockerz 235 pro,779
22-12-2025,Rockerz 235 pro,779
23-12-2025,Rockerz 235 pro,779
24-12-2025,Rockerz 235 pro,779
25-12-2025,Rockerz 235 pro,779
26-12-2025,Rockerz 235 pro,779
27-12-2025,Rockerz 235 pro,779
28-12-2025,Rockerz 235 pro,779
29-12-2025,Rockerz 235 pro,779
30-12-2025,Rockerz 235 pro,779
31-12-2025,Rockerz 235 pro,779
01-01-2026,Rockerz 235 pro,779
02-01-2026,Rockerz 235 pro,779
03-01-2026,Rockerz 235 pro,779
04-01-2026,Rockerz 235 pro,779
05-01-2026,Rockerz 235 pro,779
06-01-2026,Rockerz 235 pro,779
07-01-2026,Rockerz 235 pro,779
08-01-2026,Rockerz 235 pro,779
09-01-2026,Rockerz 235 pro,779
10-01-2026,Rockerz 235 pro,779
11-01-2026,Rockerz 235 pro,779
12-01-2026,Rockerz 235 pro,779
13-01-2026,Rockerz 235 pro,779
14-01-2026,Rockerz 235 pro,779
15-01-2026,Rockerz 235 pro,779
16-01-2026,Rockerz 235 pro,779
17-01-2026,Rockerz 235 pro,779
18-01-2026,Rockerz 235 pro,860
19-01-2026,Rockerz 235 pro,860
20-01-2026,Rockerz 235 pro,792
21-01-2026,Rockerz 235 pro,792
22-01-2026,Rockerz 235 pro,792
23-01-2026,Rockerz 235 pro,792
24-01-2026,Rockerz 235 pro,831
25-01-2026,Rockerz 235 pro,831
26-01-2026,Rockerz 235 pro,823
27-01-2026,Rockerz 235 pro,890
28-01-2026,Rockerz 235 pro,890
29-01-2026,Rockerz 235 pro,890
30-01-2026,Rockerz 235 pro,890
31-01-2026,Rockerz 235 pro,890
01-02-2026,Rockerz 235 pro,890
02-02-2026,Rockerz 235 pro,890
03-02-2026,Rockerz 235 pro,890
04-02-2026,Rockerz 235 pro,890
05-02-2026,Rockerz 235 pro,890
06-02-2026,Rockerz 235 pro,890
07-02-2026,Rockerz 235 pro,890
08-02-2026,Rockerz 235 pro,890
09-02-2026,Rockerz 235 pro,890
10-02-2026,Rockerz 235 pro,890
11-02-2026,Rockerz 235 pro,890
12-02-2026,Rockerz 235 pro,890
13-02-2026,Rockerz 235 pro,890
14-02-2026,Rockerz 235 pro,890
15-02-2026,Rockerz 235 pro,890
16-02-2026,Rockerz 235 pro,890
17-02-2026,Rockerz 235 pro,890
18-02-2026,Rockerz 235 pro,1006
19-02-2026,Rockerz 235 pro,1000
20-02-2026,Rockerz 235 pro,1000
21-02-2026,Rockerz 235 pro,1000
22-02-2026,Rockerz 235 pro,1000
23-02-2026,Rockerz 235 pro,1000
24-02-2026,Rockerz 235 pro,876
25-02-2026,Rockerz 235 pro,876
26-02-2026,Rockerz 235 pro,876
27-02-2026,Rockerz 235 pro,876
28-02-2026,Rockerz 235 pro,876
01-03-2026,Rockerz 235 pro,876
02-03-2026,Rockerz 235 pro,876
03-03-2026,Rockerz 235 pro,876
04-03-2026,Rockerz 235 pro,876
05-03-2026,Rockerz 235 pro,876
06-03-2026,Rockerz 235 pro,876
07-03-2026,Rockerz 235 pro,805
08-03-2026,Rockerz 235 pro,805
09-03-2026,Rockerz 235 pro,805
10-03-2026,Rockerz 235 pro,805
11-03-2026,Rockerz 235 pro,805
12-03-2026,Rockerz 235 pro,805
13-03-2026,Rockerz 235 pro,805
14-03-2026,Rockerz 235 pro,805
15-03-2026,Rockerz 235 pro,805
16-03-2026,Rockerz 235 pro,805
17-03-2026,Rockerz 235 pro,805
18-03-2026,Rockerz 235 pro,805
19-03-2026,Rockerz 235 pro,805
20-03-2026,Rockerz 235 pro,805
21-03-2026,Rockerz 235 pro,805
22-03-2026,Rockerz 235 pro,872
23-03-2026,Rockerz 235 pro,886
24-03-2026,Rockerz 235 pro,886
25-03-2026,Rockerz 235 pro,886
26-03-2026,Rockerz 235 pro,943
27-03-2026,Rockerz 235 pro,943
28-03-2026,Rockerz 235 pro,943
29-03-2026,Rockerz 235 pro,943
30-03-2026,Rockerz 235 pro,943
31-03-2026,Rockerz 235 pro,943
01-04-2026,Rockerz 235 pro,943
02-04-2026,Rockerz 235 pro,943
03-04-2026,Rockerz 235 pro,943
04-04-2026,Rockerz 235 pro,943
05-04-2026,Rockerz 235 pro,943
06-04-2026,Rockerz 235 pro,943
07-04-2026,Rockerz 235 pro,943
08-04-2026,Rockerz 235 pro,927
09-04-2026,Rockerz 235 pro,915
10-04-2026,Rockerz 235 pro,915
11-04-2026,Rockerz 235 pro,915
12-04-2026,Rockerz 235 pro,915
13-04-2026,Rockerz 235 pro,915
14-04-2026,Rockerz 235 pro,951
15-04-2026,Rockerz 235 pro,951
16-04-2026,Rockerz 235 pro,951
17-04-2026,Rockerz 235 pro,951
18-04-2026,Rockerz 235 pro,951
19-04-2026,Rockerz 235 pro,951
20-04-2026,Rockerz 235 pro,951
21-04-2026,Rockerz 235 pro,873
22-04-2026,Rockerz 235 pro,873
23-04-2026,Rockerz 235 pro,873
24-04-2026,Rockerz 235 pro,873
25-04-2026,Rockerz 235 pro,873
26-04-2026,Rockerz 235 pro,844
27-04-2026,Rockerz 235 pro,779
28-04-2026,Rockerz 235 pro,863
29-04-2026,Rockerz 235 pro,863
30-04-2026,Rockerz 235 pro,858
01-05-2026,Rockerz 235 pro,858
02-05-2026,Rockerz 235 pro,858
03-05-2026,Rockerz 235 pro,858
04-05-2026,Rockerz 235 pro,866
05-05-2026,Rockerz 235 pro,866
06-05-2026,Rockerz 235 pro,866
07-05-2026,Rockerz 235 pro,866
08-05-2026,Rockerz 235 pro,866
09-05-2026,Rockerz 235 pro,866
10-05-2026,Rockerz 235 pro,866
11-05-2026,Rockerz 235 pro,866
12-05-2026,Rockerz 235 pro,866
13-05-2026,Rockerz 235 pro,859
14-05-2026,Rockerz 235 pro,859
15-05-2026,Rockerz 235 pro,840
16-05-2026,Rockerz 235 pro,840
17-05-2026,Rockerz 235 pro,840
18-05-2026,Rockerz 235 pro,840
19-05-2026,Rockerz 235 pro,840
20-05-2026,Rockerz 235 pro,840
21-05-2026,Rockerz 235 pro,857
22-05-2026,Rockerz 235 pro,857
23-05-2026,Rockerz 235 pro,857
24-05-2026,Rockerz 235 pro,857
25-05-2026,Rockerz 235 pro,857
26-05-2026,Rockerz 235 pro,592
27-05-2026,Rockerz 235 pro,592
28-05-2026,Rockerz 235 pro,592
29-05-2026,Rockerz 235 pro,592
30-05-2026,Rockerz 235 pro,592
31-05-2026,Rockerz 235 pro,592
01-12-2025,Rockerz 411,1241
02-12-2025,Rockerz 411,1241
03-12-2025,Rockerz 411,1241
04-12-2025,Rockerz 411,1241
05-12-2025,Rockerz 411,1241
06-12-2025,Rockerz 411,1241
07-12-2025,Rockerz 411,1241
08-12-2025,Rockerz 411,1343
09-12-2025,Rockerz 411,1318
10-12-2025,Rockerz 411,1318
11-12-2025,Rockerz 411,1318
12-12-2025,Rockerz 411,1318
13-12-2025,Rockerz 411,1318
14-12-2025,Rockerz 411,1318
15-12-2025,Rockerz 411,1318
16-12-2025,Rockerz 411,1318
17-12-2025,Rockerz 411,1318
18-12-2025,Rockerz 411,1318
19-12-2025,Rockerz 411,1318
20-12-2025,Rockerz 411,1318
21-12-2025,Rockerz 411,1318
22-12-2025,Rockerz 411,1318
23-12-2025,Rockerz 411,1386
24-12-2025,Rockerz 411,1386
25-12-2025,Rockerz 411,1386
26-12-2025,Rockerz 411,1386
27-12-2025,Rockerz 411,1386
28-12-2025,Rockerz 411,1386
29-12-2025,Rockerz 411,1386
30-12-2025,Rockerz 411,1386
31-12-2025,Rockerz 411,1386
01-01-2026,Rockerz 411,1386
02-01-2026,Rockerz 411,1386
03-01-2026,Rockerz 411,1386
04-01-2026,Rockerz 411,1268
05-01-2026,Rockerz 411,1265
06-01-2026,Rockerz 411,1265
07-01-2026,Rockerz 411,1265
08-01-2026,Rockerz 411,1265
09-01-2026,Rockerz 411,1265
10-01-2026,Rockerz 411,1265
11-01-2026,Rockerz 411,1265
12-01-2026,Rockerz 411,1249
13-01-2026,Rockerz 411,1249
14-01-2026,Rockerz 411,1249
15-01-2026,Rockerz 411,1249
16-01-2026,Rockerz 411,1249
17-01-2026,Rockerz 411,1249
18-01-2026,Rockerz 411,1278
19-01-2026,Rockerz 411,1278
20-01-2026,Rockerz 411,1278
21-01-2026,Rockerz 411,1278
22-01-2026,Rockerz 411,1278
23-01-2026,Rockerz 411,1278
24-01-2026,Rockerz 411,1278
25-01-2026,Rockerz 411,1278
26-01-2026,Rockerz 411,1278
27-01-2026,Rockerz 411,1278
28-01-2026,Rockerz 411,1278
29-01-2026,Rockerz 411,1369
30-01-2026,Rockerz 411,1427
31-01-2026,Rockerz 411,1427
01-02-2026,Rockerz 411,1417
02-02-2026,Rockerz 411,1417
03-02-2026,Rockerz 411,1417
04-02-2026,Rockerz 411,1408
05-02-2026,Rockerz 411,1408
06-02-2026,Rockerz 411,1408
07-02-2026,Rockerz 411,1408
08-02-2026,Rockerz 411,1408
09-02-2026,Rockerz 411,1243
10-02-2026,Rockerz 411,1243
11-02-2026,Rockerz 411,1243
12-02-2026,Rockerz 411,1243
13-02-2026,Rockerz 411,1243
14-02-2026,Rockerz 411,1200
15-02-2026,Rockerz 411,1200
16-02-2026,Rockerz 411,1200
17-02-2026,Rockerz 411,1200
18-02-2026,Rockerz 411,1200
19-02-2026,Rockerz 411,1200
20-02-2026,Rockerz 411,1200
21-02-2026,Rockerz 411,1200
22-02-2026,Rockerz 411,1200
23-02-2026,Rockerz 411,1200
24-02-2026,Rockerz 411,1200
25-02-2026,Rockerz 411,1200
26-02-2026,Rockerz 411,1200
27-02-2026,Rockerz 411,1200
28-02-2026,Rockerz 411,1200
01-03-2026,Rockerz 411,1200
02-03-2026,Rockerz 411,1200
03-03-2026,Rockerz 411,1200
04-03-2026,Rockerz 411,1200
05-03-2026,Rockerz 411,1177
06-03-2026,Rockerz 411,1177
07-03-2026,Rockerz 411,1177
08-03-2026,Rockerz 411,1177
09-03-2026,Rockerz 411,1177
10-03-2026,Rockerz 411,1177
11-03-2026,Rockerz 411,1177
12-03-2026,Rockerz 411,1177
13-03-2026,Rockerz 411,1177
14-03-2026,Rockerz 411,1177
15-03-2026,Rockerz 411,1177
16-03-2026,Rockerz 411,1177
17-03-2026,Rockerz 411,1177
18-03-2026,Rockerz 411,1177
19-03-2026,Rockerz 411,1177
20-03-2026,Rockerz 411,1177
21-03-2026,Rockerz 411,1177
22-03-2026,Rockerz 411,1177
23-03-2026,Rockerz 411,1177
24-03-2026,Rockerz 411,1177
25-03-2026,Rockerz 411,1177
26-03-2026,Rockerz 411,1185
27-03-2026,Rockerz 411,1185
28-03-2026,Rockerz 411,1185
29-03-2026,Rockerz 411,1185
30-03-2026,Rockerz 411,1185
31-03-2026,Rockerz 411,1185
01-04-2026,Rockerz 411,1185
02-04-2026,Rockerz 411,1185
03-04-2026,Rockerz 411,1185
04-04-2026,Rockerz 411,1185
05-04-2026,Rockerz 411,1651
06-04-2026,Rockerz 411,1651
07-04-2026,Rockerz 411,1651
08-04-2026,Rockerz 411,1393
09-04-2026,Rockerz 411,1393
10-04-2026,Rockerz 411,1393
11-04-2026,Rockerz 411,1393
12-04-2026,Rockerz 411,1393
13-04-2026,Rockerz 411,1287
14-04-2026,Rockerz 411,1287
15-04-2026,Rockerz 411,1287
16-04-2026,Rockerz 411,1287
17-04-2026,Rockerz 411,1287
18-04-2026,Rockerz 411,1287
19-04-2026,Rockerz 411,1287
20-04-2026,Rockerz 411,1287
21-04-2026,Rockerz 411,1287
22-04-2026,Rockerz 411,1287
23-04-2026,Rockerz 411,1287
24-04-2026,Rockerz 411,1287
25-04-2026,Rockerz 411,1321
26-04-2026,Rockerz 411,1321
27-04-2026,Rockerz 411,1321
28-04-2026,Rockerz 411,1321
29-04-2026,Rockerz 411,1321
30-04-2026,Rockerz 411,1321
01-05-2026,Rockerz 411,1321
02-05-2026,Rockerz 411,1321
03-05-2026,Rockerz 411,1321
04-05-2026,Rockerz 411,1284
05-05-2026,Rockerz 411,1284
06-05-2026,Rockerz 411,1284
07-05-2026,Rockerz 411,1284
08-05-2026,Rockerz 411,1284
09-05-2026,Rockerz 411,1284
10-05-2026,Rockerz 411,1284
11-05-2026,Rockerz 411,1284
12-05-2026,Rockerz 411,1284
13-05-2026,Rockerz 411,1284
14-05-2026,Rockerz 411,999
15-05-2026,Rockerz 411,999
16-05-2026,Rockerz 411,999
17-05-2026,Rockerz 411,999
18-05-2026,Rockerz 411,999
19-05-2026,Rockerz 411,1119
20-05-2026,Rockerz 411,1119
21-05-2026,Rockerz 411,1119
22-05-2026,Rockerz 411,1119
23-05-2026,Rockerz 411,1119
24-05-2026,Rockerz 411,1099
25-05-2026,Rockerz 411,1083
26-05-2026,Rockerz 411,1083
27-05-2026,Rockerz 411,1083
28-05-2026,Rockerz 411,1083
29-05-2026,Rockerz 411,1078
30-05-2026,Rockerz 411,1078
31-05-2026,Rockerz 411,1078
01-12-2025,Rockerz 412,1389
02-12-2025,Rockerz 412,1389
03-12-2025,Rockerz 412,1389
04-12-2025,Rockerz 412,1389
05-12-2025,Rockerz 412,1389
06-12-2025,Rockerz 412,1389
07-12-2025,Rockerz 412,1389
08-12-2025,Rockerz 412,1389
09-12-2025,Rockerz 412,1389
10-12-2025,Rockerz 412,1389
11-12-2025,Rockerz 412,1389
12-12-2025,Rockerz 412,1475
13-12-2025,Rockerz 412,1475
14-12-2025,Rockerz 412,1475
15-12-2025,Rockerz 412,1499
16-12-2025,Rockerz 412,1499
17-12-2025,Rockerz 412,1499
18-12-2025,Rockerz 412,1887
19-12-2025,Rockerz 412,1614
20-12-2025,Rockerz 412,1614
21-12-2025,Rockerz 412,1614
22-12-2025,Rockerz 412,1614
23-12-2025,Rockerz 412,1614
24-12-2025,Rockerz 412,1614
25-12-2025,Rockerz 412,1614
26-12-2025,Rockerz 412,1614
27-12-2025,Rockerz 412,1501
28-12-2025,Rockerz 412,1501
29-12-2025,Rockerz 412,1501
30-12-2025,Rockerz 412,1501
31-12-2025,Rockerz 412,1501
01-01-2026,Rockerz 412,1501
02-01-2026,Rockerz 412,1501
03-01-2026,Rockerz 412,1501
04-01-2026,Rockerz 412,1501
05-01-2026,Rockerz 412,1501
06-01-2026,Rockerz 412,1501
07-01-2026,Rockerz 412,1501
08-01-2026,Rockerz 412,1501
09-01-2026,Rockerz 412,1501
10-01-2026,Rockerz 412,1463
11-01-2026,Rockerz 412,1463
12-01-2026,Rockerz 412,1339
13-01-2026,Rockerz 412,1339
14-01-2026,Rockerz 412,1339
15-01-2026,Rockerz 412,1339
16-01-2026,Rockerz 412,1339
17-01-2026,Rockerz 412,1339
18-01-2026,Rockerz 412,1339
19-01-2026,Rockerz 412,1339
20-01-2026,Rockerz 412,1339
21-01-2026,Rockerz 412,1339
22-01-2026,Rockerz 412,1339
23-01-2026,Rockerz 412,1339
24-01-2026,Rockerz 412,1339
25-01-2026,Rockerz 412,1339
26-01-2026,Rockerz 412,1339
27-01-2026,Rockerz 412,1339
28-01-2026,Rockerz 412,1339
29-01-2026,Rockerz 412,1339
30-01-2026,Rockerz 412,1408
31-01-2026,Rockerz 412,1408
01-02-2026,Rockerz 412,1408
02-02-2026,Rockerz 412,1408
03-02-2026,Rockerz 412,1408
04-02-2026,Rockerz 412,1408
05-02-2026,Rockerz 412,1408
06-02-2026,Rockerz 412,1408
07-02-2026,Rockerz 412,1408
08-02-2026,Rockerz 412,1408
09-02-2026,Rockerz 412,1408
10-02-2026,Rockerz 412,1408
11-02-2026,Rockerz 412,1390
12-02-2026,Rockerz 412,1390
13-02-2026,Rockerz 412,1390
14-02-2026,Rockerz 412,1390
15-02-2026,Rockerz 412,1390
16-02-2026,Rockerz 412,1390
17-02-2026,Rockerz 412,1390
18-02-2026,Rockerz 412,1390
19-02-2026,Rockerz 412,1390
20-02-2026,Rockerz 412,1390
21-02-2026,Rockerz 412,1390
22-02-2026,Rockerz 412,1390
23-02-2026,Rockerz 412,1390
24-02-2026,Rockerz 412,1390
25-02-2026,Rockerz 412,1390
26-02-2026,Rockerz 412,1346
27-02-2026,Rockerz 412,1346
28-02-2026,Rockerz 412,1346
01-03-2026,Rockerz 412,1346
02-03-2026,Rockerz 412,1346
03-03-2026,Rockerz 412,1346
04-03-2026,Rockerz 412,1346
05-03-2026,Rockerz 412,1346
06-03-2026,Rockerz 412,1346
07-03-2026,Rockerz 412,1379
08-03-2026,Rockerz 412,1379
09-03-2026,Rockerz 412,1379
10-03-2026,Rockerz 412,1379
11-03-2026,Rockerz 412,1379
12-03-2026,Rockerz 412,1379
13-03-2026,Rockerz 412,1379
14-03-2026,Rockerz 412,1379
15-03-2026,Rockerz 412,1175
16-03-2026,Rockerz 412,1175
17-03-2026,Rockerz 412,1175
18-03-2026,Rockerz 412,1175
19-03-2026,Rockerz 412,1175
20-03-2026,Rockerz 412,1175
21-03-2026,Rockerz 412,1324
22-03-2026,Rockerz 412,1324
23-03-2026,Rockerz 412,1324
24-03-2026,Rockerz 412,1324
25-03-2026,Rockerz 412,1324
26-03-2026,Rockerz 412,1324
27-03-2026,Rockerz 412,1324
28-03-2026,Rockerz 412,1444
29-03-2026,Rockerz 412,1444
30-03-2026,Rockerz 412,1444
31-03-2026,Rockerz 412,1444
01-04-2026,Rockerz 412,1444
02-04-2026,Rockerz 412,1444
03-04-2026,Rockerz 412,1444
04-04-2026,Rockerz 412,1444
05-04-2026,Rockerz 412,1444
06-04-2026,Rockerz 412,1444
07-04-2026,Rockerz 412,1444
08-04-2026,Rockerz 412,1444
09-04-2026,Rockerz 412,1444
10-04-2026,Rockerz 412,1444
11-04-2026,Rockerz 412,1444
12-04-2026,Rockerz 412,1444
13-04-2026,Rockerz 412,1444
14-04-2026,Rockerz 412,1444
15-04-2026,Rockerz 412,1444
16-04-2026,Rockerz 412,1444
17-04-2026,Rockerz 412,1444
18-04-2026,Rockerz 412,1444
19-04-2026,Rockerz 412,1444
20-04-2026,Rockerz 412,1444
21-04-2026,Rockerz 412,1444
22-04-2026,Rockerz 412,1438
23-04-2026,Rockerz 412,1438
24-04-2026,Rockerz 412,1438
25-04-2026,Rockerz 412,1438
26-04-2026,Rockerz 412,1438
27-04-2026,Rockerz 412,1438
28-04-2026,Rockerz 412,1438
29-04-2026,Rockerz 412,1438
30-04-2026,Rockerz 412,1438
01-05-2026,Rockerz 412,1310
02-05-2026,Rockerz 412,1310
03-05-2026,Rockerz 412,1243
04-05-2026,Rockerz 412,1207
05-05-2026,Rockerz 412,1207
06-05-2026,Rockerz 412,1207
07-05-2026,Rockerz 412,1207
08-05-2026,Rockerz 412,1207
09-05-2026,Rockerz 412,1284
10-05-2026,Rockerz 412,1284
11-05-2026,Rockerz 412,1284
12-05-2026,Rockerz 412,1284
13-05-2026,Rockerz 412,1284
14-05-2026,Rockerz 412,1284
15-05-2026,Rockerz 412,1284
16-05-2026,Rockerz 412,1284
17-05-2026,Rockerz 412,1284
18-05-2026,Rockerz 412,1284
19-05-2026,Rockerz 412,1271
20-05-2026,Rockerz 412,1271
21-05-2026,Rockerz 412,1309
22-05-2026,Rockerz 412,1402
23-05-2026,Rockerz 412,1402
24-05-2026,Rockerz 412,1402
25-05-2026,Rockerz 412,1402
26-05-2026,Rockerz 412,1402
27-05-2026,Rockerz 412,1402
28-05-2026,Rockerz 412,1402
29-05-2026,Rockerz 412,1402
30-05-2026,Rockerz 412,1402
31-05-2026,Rockerz 412,1402
01-12-2025,Rockerz 413,1452
02-12-2025,Rockerz 413,1452
03-12-2025,Rockerz 413,1452
04-12-2025,Rockerz 413,1452
05-12-2025,Rockerz 413,1452
06-12-2025,Rockerz 413,1452
07-12-2025,Rockerz 413,1452
08-12-2025,Rockerz 413,1452
09-12-2025,Rockerz 413,1353
10-12-2025,Rockerz 413,1353
11-12-2025,Rockerz 413,1353
12-12-2025,Rockerz 413,1353
13-12-2025,Rockerz 413,1343
14-12-2025,Rockerz 413,1343
15-12-2025,Rockerz 413,1343
16-12-2025,Rockerz 413,1343
17-12-2025,Rockerz 413,1343
18-12-2025,Rockerz 413,1343
19-12-2025,Rockerz 413,1343
20-12-2025,Rockerz 413,1343
21-12-2025,Rockerz 413,1343
22-12-2025,Rockerz 413,1343
23-12-2025,Rockerz 413,1343
24-12-2025,Rockerz 413,1343
25-12-2025,Rockerz 413,1343
26-12-2025,Rockerz 413,1343
27-12-2025,Rockerz 413,1343
28-12-2025,Rockerz 413,1343
29-12-2025,Rockerz 413,1343
30-12-2025,Rockerz 413,1343
31-12-2025,Rockerz 413,1343
01-01-2026,Rockerz 413,1343
02-01-2026,Rockerz 413,1343
03-01-2026,Rockerz 413,1343
04-01-2026,Rockerz 413,1343
05-01-2026,Rockerz 413,1343
06-01-2026,Rockerz 413,1343
07-01-2026,Rockerz 413,1343
08-01-2026,Rockerz 413,1362
09-01-2026,Rockerz 413,1362
10-01-2026,Rockerz 413,1321
11-01-2026,Rockerz 413,1321
12-01-2026,Rockerz 413,1321
13-01-2026,Rockerz 413,1321
14-01-2026,Rockerz 413,1321
15-01-2026,Rockerz 413,1310
16-01-2026,Rockerz 413,1310
17-01-2026,Rockerz 413,1310
18-01-2026,Rockerz 413,1310
19-01-2026,Rockerz 413,1279
20-01-2026,Rockerz 413,1279
21-01-2026,Rockerz 413,1279
22-01-2026,Rockerz 413,1279
23-01-2026,Rockerz 413,1279
24-01-2026,Rockerz 413,1279
25-01-2026,Rockerz 413,1279
26-01-2026,Rockerz 413,1279
27-01-2026,Rockerz 413,1279
28-01-2026,Rockerz 413,1279
29-01-2026,Rockerz 413,1279
30-01-2026,Rockerz 413,1279
31-01-2026,Rockerz 413,1279
01-02-2026,Rockerz 413,1279
02-02-2026,Rockerz 413,1185
03-02-2026,Rockerz 413,1185
04-02-2026,Rockerz 413,1250
05-02-2026,Rockerz 413,1250
06-02-2026,Rockerz 413,1250
07-02-2026,Rockerz 413,1250
08-02-2026,Rockerz 413,1250
09-02-2026,Rockerz 413,1250
10-02-2026,Rockerz 413,1250
11-02-2026,Rockerz 413,1234
12-02-2026,Rockerz 413,1234
13-02-2026,Rockerz 413,1234
14-02-2026,Rockerz 413,1234
15-02-2026,Rockerz 413,1225
16-02-2026,Rockerz 413,1225
17-02-2026,Rockerz 413,1225
18-02-2026,Rockerz 413,1225
19-02-2026,Rockerz 413,1225
20-02-2026,Rockerz 413,1225
21-02-2026,Rockerz 413,1887
22-02-2026,Rockerz 413,1887
23-02-2026,Rockerz 413,1887
24-02-2026,Rockerz 413,1887
25-02-2026,Rockerz 413,1887
26-02-2026,Rockerz 413,1625
27-02-2026,Rockerz 413,1625
28-02-2026,Rockerz 413,1625
01-03-2026,Rockerz 413,1625
02-03-2026,Rockerz 413,1625
03-03-2026,Rockerz 413,1522
04-03-2026,Rockerz 413,1522
05-03-2026,Rockerz 413,1522
06-03-2026,Rockerz 413,1522
07-03-2026,Rockerz 413,1522
08-03-2026,Rockerz 413,1522
09-03-2026,Rockerz 413,1522
10-03-2026,Rockerz 413,1522
11-03-2026,Rockerz 413,1522
12-03-2026,Rockerz 413,1522
13-03-2026,Rockerz 413,1522
14-03-2026,Rockerz 413,1522
15-03-2026,Rockerz 413,1522
16-03-2026,Rockerz 413,1522
17-03-2026,Rockerz 413,1522
18-03-2026,Rockerz 413,1522
19-03-2026,Rockerz 413,1522
20-03-2026,Rockerz 413,1617
21-03-2026,Rockerz 413,1617
22-03-2026,Rockerz 413,1617
23-03-2026,Rockerz 413,1617
24-03-2026,Rockerz 413,1617
25-03-2026,Rockerz 413,1617
26-03-2026,Rockerz 413,1700
27-03-2026,Rockerz 413,1520
28-03-2026,Rockerz 413,1517
29-03-2026,Rockerz 413,1517
30-03-2026,Rockerz 413,1517
31-03-2026,Rockerz 413,1517
01-04-2026,Rockerz 413,1566
02-04-2026,Rockerz 413,1566
03-04-2026,Rockerz 413,1566
04-04-2026,Rockerz 413,1566
05-04-2026,Rockerz 413,1566
06-04-2026,Rockerz 413,1566
07-04-2026,Rockerz 413,1566
08-04-2026,Rockerz 413,1566
09-04-2026,Rockerz 413,1566
10-04-2026,Rockerz 413,1566
11-04-2026,Rockerz 413,1566
12-04-2026,Rockerz 413,1566
13-04-2026,Rockerz 413,1566
14-04-2026,Rockerz 413,1566
15-04-2026,Rockerz 413,1566
16-04-2026,Rockerz 413,1566
17-04-2026,Rockerz 413,1566
18-04-2026,Rockerz 413,1566
19-04-2026,Rockerz 413,1566
20-04-2026,Rockerz 413,1566
21-04-2026,Rockerz 413,1566
22-04-2026,Rockerz 413,1566
23-04-2026,Rockerz 413,1566
24-04-2026,Rockerz 413,1566
25-04-2026,Rockerz 413,1566
26-04-2026,Rockerz 413,1566
27-04-2026,Rockerz 413,1566
28-04-2026,Rockerz 413,1566
29-04-2026,Rockerz 413,1566
30-04-2026,Rockerz 413,1566
01-05-2026,Rockerz 413,1566
02-05-2026,Rockerz 413,1566
03-05-2026,Rockerz 413,1566
04-05-2026,Rockerz 413,1566
05-05-2026,Rockerz 413,1566
06-05-2026,Rockerz 413,1566
07-05-2026,Rockerz 413,1566
08-05-2026,Rockerz 413,1566
09-05-2026,Rockerz 413,1566
10-05-2026,Rockerz 413,1566
11-05-2026,Rockerz 413,1566
12-05-2026,Rockerz 413,1538
13-05-2026,Rockerz 413,1538
14-05-2026,Rockerz 413,1538
15-05-2026,Rockerz 413,1538
16-05-2026,Rockerz 413,1538
17-05-2026,Rockerz 413,1538
18-05-2026,Rockerz 413,1538
19-05-2026,Rockerz 413,1582
20-05-2026,Rockerz 413,1582
21-05-2026,Rockerz 413,1582
22-05-2026,Rockerz 413,1582
23-05-2026,Rockerz 413,1582
24-05-2026,Rockerz 413,1582
25-05-2026,Rockerz 413,1582
26-05-2026,Rockerz 413,1582
27-05-2026,Rockerz 413,1582
28-05-2026,Rockerz 413,1582
29-05-2026,Rockerz 413,1582
30-05-2026,Rockerz 413,1582
31-05-2026,Rockerz 413,1582
01-12-2025,Nirvana 751 ANC,3911
02-12-2025,Nirvana 751 ANC,3911
03-12-2025,Nirvana 751 ANC,3911
04-12-2025,Nirvana 751 ANC,3911
05-12-2025,Nirvana 751 ANC,3557
06-12-2025,Nirvana 751 ANC,3557
07-12-2025,Nirvana 751 ANC,3557
08-12-2025,Nirvana 751 ANC,3438
09-12-2025,Nirvana 751 ANC,3278
10-12-2025,Nirvana 751 ANC,3278
11-12-2025,Nirvana 751 ANC,3278
12-12-2025,Nirvana 751 ANC,3278
13-12-2025,Nirvana 751 ANC,3278
14-12-2025,Nirvana 751 ANC,3278
15-12-2025,Nirvana 751 ANC,3335
16-12-2025,Nirvana 751 ANC,3335
17-12-2025,Nirvana 751 ANC,3335
18-12-2025,Nirvana 751 ANC,3335
19-12-2025,Nirvana 751 ANC,3335
20-12-2025,Nirvana 751 ANC,3335
21-12-2025,Nirvana 751 ANC,3335
22-12-2025,Nirvana 751 ANC,3335
23-12-2025,Nirvana 751 ANC,3335
24-12-2025,Nirvana 751 ANC,3335
25-12-2025,Nirvana 751 ANC,3680
26-12-2025,Nirvana 751 ANC,3680
27-12-2025,Nirvana 751 ANC,2117
28-12-2025,Nirvana 751 ANC,2117
29-12-2025,Nirvana 751 ANC,2117
30-12-2025,Nirvana 751 ANC,2117
31-12-2025,Nirvana 751 ANC,2117
01-01-2026,Nirvana 751 ANC,2117
02-01-2026,Nirvana 751 ANC,2117
03-01-2026,Nirvana 751 ANC,2117
04-01-2026,Nirvana 751 ANC,2117
05-01-2026,Nirvana 751 ANC,2117
06-01-2026,Nirvana 751 ANC,2799
07-01-2026,Nirvana 751 ANC,2799
08-01-2026,Nirvana 751 ANC,2799
09-01-2026,Nirvana 751 ANC,2799
10-01-2026,Nirvana 751 ANC,2799
11-01-2026,Nirvana 751 ANC,2799
12-01-2026,Nirvana 751 ANC,2875
13-01-2026,Nirvana 751 ANC,2875
14-01-2026,Nirvana 751 ANC,2875
15-01-2026,Nirvana 751 ANC,2875
16-01-2026,Nirvana 751 ANC,2875
17-01-2026,Nirvana 751 ANC,2875
18-01-2026,Nirvana 751 ANC,2875
19-01-2026,Nirvana 751 ANC,2875
20-01-2026,Nirvana 751 ANC,2875
21-01-2026,Nirvana 751 ANC,2875
22-01-2026,Nirvana 751 ANC,2875
23-01-2026,Nirvana 751 ANC,3114
24-01-2026,Nirvana 751 ANC,3567
25-01-2026,Nirvana 751 ANC,3567
26-01-2026,Nirvana 751 ANC,3567
27-01-2026,Nirvana 751 ANC,3567
28-01-2026,Nirvana 751 ANC,3567
29-01-2026,Nirvana 751 ANC,3567
30-01-2026,Nirvana 751 ANC,3567
31-01-2026,Nirvana 751 ANC,3612
01-02-2026,Nirvana 751 ANC,3612
02-02-2026,Nirvana 751 ANC,3612
03-02-2026,Nirvana 751 ANC,3612
04-02-2026,Nirvana 751 ANC,4799
05-02-2026,Nirvana 751 ANC,4799
06-02-2026,Nirvana 751 ANC,4799
07-02-2026,Nirvana 751 ANC,4799
08-02-2026,Nirvana 751 ANC,4799
09-02-2026,Nirvana 751 ANC,4799
10-02-2026,Nirvana 751 ANC,4799
11-02-2026,Nirvana 751 ANC,4799
12-02-2026,Nirvana 751 ANC,4798
13-02-2026,Nirvana 751 ANC,4798
14-02-2026,Nirvana 751 ANC,4798
15-02-2026,Nirvana 751 ANC,4798
16-02-2026,Nirvana 751 ANC,4798
17-02-2026,Nirvana 751 ANC,4798
18-02-2026,Nirvana 751 ANC,4205
19-02-2026,Nirvana 751 ANC,4205
20-02-2026,Nirvana 751 ANC,4205
21-02-2026,Nirvana 751 ANC,4205
22-02-2026,Nirvana 751 ANC,4205
23-02-2026,Nirvana 751 ANC,4205
24-02-2026,Nirvana 751 ANC,4205
25-02-2026,Nirvana 751 ANC,4205
26-02-2026,Nirvana 751 ANC,4205
27-02-2026,Nirvana 751 ANC,4205
28-02-2026,Nirvana 751 ANC,4205
01-03-2026,Nirvana 751 ANC,3794
02-03-2026,Nirvana 751 ANC,3794
03-03-2026,Nirvana 751 ANC,3794
04-03-2026,Nirvana 751 ANC,3794
05-03-2026,Nirvana 751 ANC,3794
06-03-2026,Nirvana 751 ANC,3794
07-03-2026,Nirvana 751 ANC,3572
08-03-2026,Nirvana 751 ANC,3572
09-03-2026,Nirvana 751 ANC,3578
10-03-2026,Nirvana 751 ANC,3578
11-03-2026,Nirvana 751 ANC,3578
12-03-2026,Nirvana 751 ANC,3578
13-03-2026,Nirvana 751 ANC,3578
14-03-2026,Nirvana 751 ANC,3858
15-03-2026,Nirvana 751 ANC,3858
16-03-2026,Nirvana 751 ANC,3858
17-03-2026,Nirvana 751 ANC,3858
18-03-2026,Nirvana 751 ANC,3858
19-03-2026,Nirvana 751 ANC,3858
20-03-2026,Nirvana 751 ANC,3858
21-03-2026,Nirvana 751 ANC,3858
22-03-2026,Nirvana 751 ANC,3858
23-03-2026,Nirvana 751 ANC,3858
24-03-2026,Nirvana 751 ANC,3858
25-03-2026,Nirvana 751 ANC,3858
26-03-2026,Nirvana 751 ANC,3858
27-03-2026,Nirvana 751 ANC,3571
28-03-2026,Nirvana 751 ANC,3571
29-03-2026,Nirvana 751 ANC,3385
30-03-2026,Nirvana 751 ANC,3338
31-03-2026,Nirvana 751 ANC,3338
01-04-2026,Nirvana 751 ANC,3338
02-04-2026,Nirvana 751 ANC,3338
03-04-2026,Nirvana 751 ANC,3338
04-04-2026,Nirvana 751 ANC,3338
05-04-2026,Nirvana 751 ANC,3338
06-04-2026,Nirvana 751 ANC,3225
07-04-2026,Nirvana 751 ANC,3361
08-04-2026,Nirvana 751 ANC,3361
09-04-2026,Nirvana 751 ANC,3361
10-04-2026,Nirvana 751 ANC,3361
11-04-2026,Nirvana 751 ANC,3361
12-04-2026,Nirvana 751 ANC,3361
13-04-2026,Nirvana 751 ANC,3366
14-04-2026,Nirvana 751 ANC,3366
15-04-2026,Nirvana 751 ANC,3366
16-04-2026,Nirvana 751 ANC,3366
17-04-2026,Nirvana 751 ANC,3366
18-04-2026,Nirvana 751 ANC,3366
19-04-2026,Nirvana 751 ANC,3366
20-04-2026,Nirvana 751 ANC,3484
21-04-2026,Nirvana 751 ANC,3484
22-04-2026,Nirvana 751 ANC,3484
23-04-2026,Nirvana 751 ANC,3484
24-04-2026,Nirvana 751 ANC,3484
25-04-2026,Nirvana 751 ANC,3484
26-04-2026,Nirvana 751 ANC,3484
27-04-2026,Nirvana 751 ANC,3604
28-04-2026,Nirvana 751 ANC,3604
29-04-2026,Nirvana 751 ANC,3604
30-04-2026,Nirvana 751 ANC,3604
01-05-2026,Nirvana 751 ANC,3604
02-05-2026,Nirvana 751 ANC,3604
03-05-2026,Nirvana 751 ANC,3604
04-05-2026,Nirvana 751 ANC,3604
05-05-2026,Nirvana 751 ANC,3604
06-05-2026,Nirvana 751 ANC,3604
07-05-2026,Nirvana 751 ANC,3604
08-05-2026,Nirvana 751 ANC,3604
09-05-2026,Nirvana 751 ANC,3604
10-05-2026,Nirvana 751 ANC,3604
11-05-2026,Nirvana 751 ANC,3604
12-05-2026,Nirvana 751 ANC,3604
13-05-2026,Nirvana 751 ANC,3604
14-05-2026,Nirvana 751 ANC,3604
15-05-2026,Nirvana 751 ANC,3604
16-05-2026,Nirvana 751 ANC,3604
17-05-2026,Nirvana 751 ANC,3604
18-05-2026,Nirvana 751 ANC,3604
19-05-2026,Nirvana 751 ANC,3604
20-05-2026,Nirvana 751 ANC,3604
21-05-2026,Nirvana 751 ANC,3604
22-05-2026,Nirvana 751 ANC,3604
23-05-2026,Nirvana 751 ANC,3604
24-05-2026,Nirvana 751 ANC,3709
25-05-2026,Nirvana 751 ANC,3667
26-05-2026,Nirvana 751 ANC,4010
27-05-2026,Nirvana 751 ANC,4010
28-05-2026,Nirvana 751 ANC,4010
29-05-2026,Nirvana 751 ANC,4010
30-05-2026,Nirvana 751 ANC,4010
31-05-2026,Nirvana 751 ANC,4010
01-12-2025,Nirvana eutopia,3233
02-12-2025,Nirvana eutopia,3233
03-12-2025,Nirvana eutopia,3233
04-12-2025,Nirvana eutopia,3233
05-12-2025,Nirvana eutopia,3416
06-12-2025,Nirvana eutopia,3416
07-12-2025,Nirvana eutopia,3385
08-12-2025,Nirvana eutopia,1600
09-12-2025,Nirvana eutopia,1600
10-12-2025,Nirvana eutopia,1600
11-12-2025,Nirvana eutopia,1600
12-12-2025,Nirvana eutopia,1600
13-12-2025,Nirvana eutopia,1600
14-12-2025,Nirvana eutopia,1600
15-12-2025,Nirvana eutopia,1600
16-12-2025,Nirvana eutopia,1600
17-12-2025,Nirvana eutopia,1600
18-12-2025,Nirvana eutopia,1600
19-12-2025,Nirvana eutopia,1600
20-12-2025,Nirvana eutopia,1600
21-12-2025,Nirvana eutopia,1972
22-12-2025,Nirvana eutopia,1972
23-12-2025,Nirvana eutopia,1972
24-12-2025,Nirvana eutopia,1972
25-12-2025,Nirvana eutopia,1972
26-12-2025,Nirvana eutopia,1972
27-12-2025,Nirvana eutopia,1972
28-12-2025,Nirvana eutopia,1972
29-12-2025,Nirvana eutopia,1972
30-12-2025,Nirvana eutopia,1972
31-12-2025,Nirvana eutopia,1972
01-01-2026,Nirvana eutopia,1972
02-01-2026,Nirvana eutopia,1972
03-01-2026,Nirvana eutopia,2427
04-01-2026,Nirvana eutopia,2427
05-01-2026,Nirvana eutopia,2427
06-01-2026,Nirvana eutopia,2427
07-01-2026,Nirvana eutopia,2427
08-01-2026,Nirvana eutopia,2427
09-01-2026,Nirvana eutopia,2427
10-01-2026,Nirvana eutopia,2715
11-01-2026,Nirvana eutopia,2715
12-01-2026,Nirvana eutopia,2715
13-01-2026,Nirvana eutopia,2715
14-01-2026,Nirvana eutopia,2715
15-01-2026,Nirvana eutopia,2715
16-01-2026,Nirvana eutopia,2715
17-01-2026,Nirvana eutopia,2715
18-01-2026,Nirvana eutopia,2715
19-01-2026,Nirvana eutopia,2715
20-01-2026,Nirvana eutopia,2715
21-01-2026,Nirvana eutopia,2994
22-01-2026,Nirvana eutopia,2994
23-01-2026,Nirvana eutopia,2994
24-01-2026,Nirvana eutopia,2994
25-01-2026,Nirvana eutopia,2994
26-01-2026,Nirvana eutopia,2994
27-01-2026,Nirvana eutopia,2994
28-01-2026,Nirvana eutopia,2994
29-01-2026,Nirvana eutopia,2994
30-01-2026,Nirvana eutopia,2994
31-01-2026,Nirvana eutopia,2994
01-02-2026,Nirvana eutopia,2994
02-02-2026,Nirvana eutopia,2994
03-02-2026,Nirvana eutopia,2994
04-02-2026,Nirvana eutopia,3227
05-02-2026,Nirvana eutopia,3227
06-02-2026,Nirvana eutopia,3227
07-02-2026,Nirvana eutopia,3227
08-02-2026,Nirvana eutopia,3227
09-02-2026,Nirvana eutopia,3227
10-02-2026,Nirvana eutopia,3227
11-02-2026,Nirvana eutopia,3227
12-02-2026,Nirvana eutopia,3227
13-02-2026,Nirvana eutopia,3227
14-02-2026,Nirvana eutopia,3227
15-02-2026,Nirvana eutopia,3227
16-02-2026,Nirvana eutopia,3227
17-02-2026,Nirvana eutopia,3227
18-02-2026,Nirvana eutopia,3227
19-02-2026,Nirvana eutopia,3148
20-02-2026,Nirvana eutopia,3148
21-02-2026,Nirvana eutopia,3148
22-02-2026,Nirvana eutopia,3148
23-02-2026,Nirvana eutopia,3148
24-02-2026,Nirvana eutopia,3148
25-02-2026,Nirvana eutopia,3148
26-02-2026,Nirvana eutopia,3148
27-02-2026,Nirvana eutopia,3148
28-02-2026,Nirvana eutopia,3148
01-03-2026,Nirvana eutopia,3148
02-03-2026,Nirvana eutopia,3148
03-03-2026,Nirvana eutopia,3148
04-03-2026,Nirvana eutopia,3148
05-03-2026,Nirvana eutopia,2994
06-03-2026,Nirvana eutopia,2994
07-03-2026,Nirvana eutopia,3306
08-03-2026,Nirvana eutopia,3306
09-03-2026,Nirvana eutopia,3503
10-03-2026,Nirvana eutopia,3503
11-03-2026,Nirvana eutopia,3503
12-03-2026,Nirvana eutopia,3503
13-03-2026,Nirvana eutopia,3503
14-03-2026,Nirvana eutopia,3503
15-03-2026,Nirvana eutopia,3503
16-03-2026,Nirvana eutopia,3503
17-03-2026,Nirvana eutopia,3369
18-03-2026,Nirvana eutopia,3369
19-03-2026,Nirvana eutopia,3351
20-03-2026,Nirvana eutopia,3351
21-03-2026,Nirvana eutopia,3351
22-03-2026,Nirvana eutopia,3351
23-03-2026,Nirvana eutopia,3351
24-03-2026,Nirvana eutopia,3351
25-03-2026,Nirvana eutopia,3351
26-03-2026,Nirvana eutopia,3351
27-03-2026,Nirvana eutopia,3351
28-03-2026,Nirvana eutopia,3351
29-03-2026,Nirvana eutopia,3351
30-03-2026,Nirvana eutopia,3351
31-03-2026,Nirvana eutopia,3351
01-04-2026,Nirvana eutopia,3351
02-04-2026,Nirvana eutopia,3351
03-04-2026,Nirvana eutopia,3351
04-04-2026,Nirvana eutopia,3301
05-04-2026,Nirvana eutopia,3301
06-04-2026,Nirvana eutopia,3301
07-04-2026,Nirvana eutopia,3301
08-04-2026,Nirvana eutopia,3150
09-04-2026,Nirvana eutopia,3150
10-04-2026,Nirvana eutopia,3150
11-04-2026,Nirvana eutopia,3150
12-04-2026,Nirvana eutopia,3150
13-04-2026,Nirvana eutopia,3150
14-04-2026,Nirvana eutopia,3150
15-04-2026,Nirvana eutopia,3150
16-04-2026,Nirvana eutopia,3150
17-04-2026,Nirvana eutopia,3150
18-04-2026,Nirvana eutopia,3150
19-04-2026,Nirvana eutopia,3150
20-04-2026,Nirvana eutopia,3150
21-04-2026,Nirvana eutopia,3150
22-04-2026,Nirvana eutopia,3150
23-04-2026,Nirvana eutopia,3150
24-04-2026,Nirvana eutopia,3150
25-04-2026,Nirvana eutopia,3150
26-04-2026,Nirvana eutopia,3150
27-04-2026,Nirvana eutopia,3150
28-04-2026,Nirvana eutopia,3150
29-04-2026,Nirvana eutopia,3150
30-04-2026,Nirvana eutopia,3274
01-05-2026,Nirvana eutopia,4499
02-05-2026,Nirvana eutopia,4174
03-05-2026,Nirvana eutopia,4174
04-05-2026,Nirvana eutopia,4174
05-05-2026,Nirvana eutopia,4174
06-05-2026,Nirvana eutopia,3565
07-05-2026,Nirvana eutopia,3565
08-05-2026,Nirvana eutopia,3565
09-05-2026,Nirvana eutopia,3565
10-05-2026,Nirvana eutopia,3254
11-05-2026,Nirvana eutopia,3220
12-05-2026,Nirvana eutopia,3044
13-05-2026,Nirvana eutopia,3044
14-05-2026,Nirvana eutopia,3044
15-05-2026,Nirvana eutopia,3044
16-05-2026,Nirvana eutopia,3044
17-05-2026,Nirvana eutopia,3044
18-05-2026,Nirvana eutopia,3044
19-05-2026,Nirvana eutopia,3044
20-05-2026,Nirvana eutopia,3044
21-05-2026,Nirvana eutopia,3044
22-05-2026,Nirvana eutopia,3044
23-05-2026,Nirvana eutopia,3044
24-05-2026,Nirvana eutopia,3044
25-05-2026,Nirvana eutopia,3044
26-05-2026,Nirvana eutopia,3044
27-05-2026,Nirvana eutopia,3044
28-05-2026,Nirvana eutopia,3111
29-05-2026,Nirvana eutopia,2893
30-05-2026,Nirvana eutopia,2893
31-05-2026,Nirvana eutopia,2893
01-12-2025,Stone 352,1539
02-12-2025,Stone 352,1539
03-12-2025,Stone 352,1539
04-12-2025,Stone 352,1539
05-12-2025,Stone 352,1649
06-12-2025,Stone 352,1649
07-12-2025,Stone 352,1649
08-12-2025,Stone 352,1649
09-12-2025,Stone 352,1649
10-12-2025,Stone 352,1649
11-12-2025,Stone 352,1649
12-12-2025,Stone 352,1649
13-12-2025,Stone 352,1649
14-12-2025,Stone 352,1649
15-12-2025,Stone 352,1649
16-12-2025,Stone 352,1649
17-12-2025,Stone 352,1649
18-12-2025,Stone 352,1649
19-12-2025,Stone 352,1649
20-12-2025,Stone 352,1649
21-12-2025,Stone 352,1569
22-12-2025,Stone 352,1569
23-12-2025,Stone 352,1569
24-12-2025,Stone 352,1665
25-12-2025,Stone 352,1665
26-12-2025,Stone 352,1665
27-12-2025,Stone 352,1665
28-12-2025,Stone 352,1665
29-12-2025,Stone 352,1199
30-12-2025,Stone 352,1199
31-12-2025,Stone 352,1199
01-01-2026,Stone 352,1199
02-01-2026,Stone 352,1227
03-01-2026,Stone 352,1309
04-01-2026,Stone 352,1309
05-01-2026,Stone 352,1309
06-01-2026,Stone 352,1309
07-01-2026,Stone 352,1309
08-01-2026,Stone 352,1309
09-01-2026,Stone 352,1309
10-01-2026,Stone 352,1309
11-01-2026,Stone 352,1309
12-01-2026,Stone 352,1309
13-01-2026,Stone 352,1449
14-01-2026,Stone 352,1449
15-01-2026,Stone 352,1449
16-01-2026,Stone 352,1449
17-01-2026,Stone 352,1449
18-01-2026,Stone 352,1449
19-01-2026,Stone 352,1568
20-01-2026,Stone 352,1568
21-01-2026,Stone 352,1568
22-01-2026,Stone 352,1568
23-01-2026,Stone 352,1568
24-01-2026,Stone 352,1568
25-01-2026,Stone 352,1568
26-01-2026,Stone 352,1613
27-01-2026,Stone 352,1613
28-01-2026,Stone 352,1613
29-01-2026,Stone 352,1613
30-01-2026,Stone 352,1613
31-01-2026,Stone 352,1613
01-02-2026,Stone 352,1613
02-02-2026,Stone 352,1613
03-02-2026,Stone 352,1613
04-02-2026,Stone 352,1613
05-02-2026,Stone 352,1614
06-02-2026,Stone 352,1614
07-02-2026,Stone 352,1614
08-02-2026,Stone 352,1659
09-02-2026,Stone 352,1659
10-02-2026,Stone 352,1659
11-02-2026,Stone 352,1659
12-02-2026,Stone 352,1659
13-02-2026,Stone 352,1659
14-02-2026,Stone 352,1723
15-02-2026,Stone 352,1723
16-02-2026,Stone 352,1723
17-02-2026,Stone 352,1723
18-02-2026,Stone 352,1723
19-02-2026,Stone 352,1723
20-02-2026,Stone 352,1723
21-02-2026,Stone 352,1723
22-02-2026,Stone 352,1723
23-02-2026,Stone 352,1710
24-02-2026,Stone 352,1710
25-02-2026,Stone 352,1710
26-02-2026,Stone 352,1710
27-02-2026,Stone 352,1710
28-02-2026,Stone 352,1710
01-03-2026,Stone 352,1700
02-03-2026,Stone 352,1700
03-03-2026,Stone 352,1700
04-03-2026,Stone 352,1700
05-03-2026,Stone 352,1700
06-03-2026,Stone 352,1700
07-03-2026,Stone 352,1700
08-03-2026,Stone 352,1700
09-03-2026,Stone 352,1700
10-03-2026,Stone 352,1700
11-03-2026,Stone 352,1700
12-03-2026,Stone 352,1700
13-03-2026,Stone 352,1700
14-03-2026,Stone 352,1700
15-03-2026,Stone 352,1700
16-03-2026,Stone 352,1700
17-03-2026,Stone 352,1700
18-03-2026,Stone 352,1888
19-03-2026,Stone 352,1888
20-03-2026,Stone 352,1888
21-03-2026,Stone 352,1828
22-03-2026,Stone 352,1668
23-03-2026,Stone 352,1668
24-03-2026,Stone 352,1573
25-03-2026,Stone 352,1573
26-03-2026,Stone 352,1573
27-03-2026,Stone 352,1644
28-03-2026,Stone 352,1644
29-03-2026,Stone 352,1644
30-03-2026,Stone 352,1644
31-03-2026,Stone 352,1644
01-04-2026,Stone 352,1644
02-04-2026,Stone 352,1644
03-04-2026,Stone 352,1546
04-04-2026,Stone 352,1546
05-04-2026,Stone 352,1546
06-04-2026,Stone 352,1546
07-04-2026,Stone 352,1546
08-04-2026,Stone 352,1546
09-04-2026,Stone 352,1546
10-04-2026,Stone 352,1546
11-04-2026,Stone 352,1546
12-04-2026,Stone 352,1546
13-04-2026,Stone 352,1546
14-04-2026,Stone 352,1589
15-04-2026,Stone 352,1589
16-04-2026,Stone 352,1589
17-04-2026,Stone 352,1589
18-04-2026,Stone 352,1489
19-04-2026,Stone 352,1489
20-04-2026,Stone 352,1489
21-04-2026,Stone 352,1489
22-04-2026,Stone 352,1489
23-04-2026,Stone 352,1489
24-04-2026,Stone 352,1489
25-04-2026,Stone 352,1489
26-04-2026,Stone 352,1489
27-04-2026,Stone 352,1489
28-04-2026,Stone 352,1489
29-04-2026,Stone 352,1489
30-04-2026,Stone 352,1489
01-05-2026,Stone 352,1489
02-05-2026,Stone 352,1489
03-05-2026,Stone 352,1489
04-05-2026,Stone 352,1489
05-05-2026,Stone 352,1497
06-05-2026,Stone 352,1531
07-05-2026,Stone 352,1423
08-05-2026,Stone 352,1458
09-05-2026,Stone 352,1453
10-05-2026,Stone 352,1453
11-05-2026,Stone 352,1453
12-05-2026,Stone 352,1390
13-05-2026,Stone 352,1390
14-05-2026,Stone 352,1390
15-05-2026,Stone 352,1390
16-05-2026,Stone 352,1425
17-05-2026,Stone 352,1425
18-05-2026,Stone 352,1425
19-05-2026,Stone 352,1425
20-05-2026,Stone 352,1425
21-05-2026,Stone 352,1425
22-05-2026,Stone 352,1425
23-05-2026,Stone 352,1425
24-05-2026,Stone 352,1425
25-05-2026,Stone 352,1425
26-05-2026,Stone 352,1425
27-05-2026,Stone 352,1425
28-05-2026,Stone 352,1425
29-05-2026,Stone 352,1425
30-05-2026,Stone 352,1425
31-05-2026,Stone 352,1425
01-12-2025,Stone 1200 pro,4817
02-12-2025,Stone 1200 pro,4817
03-12-2025,Stone 1200 pro,4723
04-12-2025,Stone 1200 pro,4723
05-12-2025,Stone 1200 pro,4723
06-12-2025,Stone 1200 pro,4723
07-12-2025,Stone 1200 pro,4723
08-12-2025,Stone 1200 pro,4723
09-12-2025,Stone 1200 pro,4723
10-12-2025,Stone 1200 pro,4723
11-12-2025,Stone 1200 pro,4723
12-12-2025,Stone 1200 pro,4723
13-12-2025,Stone 1200 pro,4723
14-12-2025,Stone 1200 pro,4723
15-12-2025,Stone 1200 pro,4723
16-12-2025,Stone 1200 pro,4723
17-12-2025,Stone 1200 pro,4723
18-12-2025,Stone 1200 pro,4723
19-12-2025,Stone 1200 pro,4723
20-12-2025,Stone 1200 pro,4723
21-12-2025,Stone 1200 pro,4723
22-12-2025,Stone 1200 pro,4723
23-12-2025,Stone 1200 pro,4723
24-12-2025,Stone 1200 pro,4723
25-12-2025,Stone 1200 pro,4723
26-12-2025,Stone 1200 pro,5144
27-12-2025,Stone 1200 pro,5144
28-12-2025,Stone 1200 pro,4924
29-12-2025,Stone 1200 pro,4924
30-12-2025,Stone 1200 pro,5238
31-12-2025,Stone 1200 pro,5238
01-01-2026,Stone 1200 pro,5238
02-01-2026,Stone 1200 pro,5238
03-01-2026,Stone 1200 pro,5238
04-01-2026,Stone 1200 pro,5238
05-01-2026,Stone 1200 pro,5238
06-01-2026,Stone 1200 pro,5238
07-01-2026,Stone 1200 pro,5238
08-01-2026,Stone 1200 pro,5238
09-01-2026,Stone 1200 pro,5238
10-01-2026,Stone 1200 pro,4897
11-01-2026,Stone 1200 pro,4897
12-01-2026,Stone 1200 pro,4897
13-01-2026,Stone 1200 pro,5006
14-01-2026,Stone 1200 pro,5006
15-01-2026,Stone 1200 pro,5006
16-01-2026,Stone 1200 pro,5006
17-01-2026,Stone 1200 pro,5006
18-01-2026,Stone 1200 pro,5006
19-01-2026,Stone 1200 pro,5006
20-01-2026,Stone 1200 pro,5006
21-01-2026,Stone 1200 pro,5006
22-01-2026,Stone 1200 pro,5006
23-01-2026,Stone 1200 pro,5006
24-01-2026,Stone 1200 pro,5006
25-01-2026,Stone 1200 pro,5006
26-01-2026,Stone 1200 pro,5006
27-01-2026,Stone 1200 pro,5006
28-01-2026,Stone 1200 pro,5006
29-01-2026,Stone 1200 pro,5006
30-01-2026,Stone 1200 pro,5006
31-01-2026,Stone 1200 pro,5006
01-02-2026,Stone 1200 pro,5006
02-02-2026,Stone 1200 pro,5006
03-02-2026,Stone 1200 pro,5006
04-02-2026,Stone 1200 pro,5006
05-02-2026,Stone 1200 pro,5006
06-02-2026,Stone 1200 pro,5006
07-02-2026,Stone 1200 pro,5006
08-02-2026,Stone 1200 pro,5006
09-02-2026,Stone 1200 pro,5006
10-02-2026,Stone 1200 pro,5006
11-02-2026,Stone 1200 pro,5006
12-02-2026,Stone 1200 pro,5006
13-02-2026,Stone 1200 pro,5006
14-02-2026,Stone 1200 pro,5006
15-02-2026,Stone 1200 pro,4807
16-02-2026,Stone 1200 pro,4807
17-02-2026,Stone 1200 pro,4807
18-02-2026,Stone 1200 pro,5081
19-02-2026,Stone 1200 pro,5081
20-02-2026,Stone 1200 pro,5081
21-02-2026,Stone 1200 pro,5081
22-02-2026,Stone 1200 pro,5081
23-02-2026,Stone 1200 pro,5081
24-02-2026,Stone 1200 pro,5081
25-02-2026,Stone 1200 pro,5081
26-02-2026,Stone 1200 pro,5081
27-02-2026,Stone 1200 pro,4828
28-02-2026,Stone 1200 pro,4828
01-03-2026,Stone 1200 pro,4828
02-03-2026,Stone 1200 pro,4828
03-03-2026,Stone 1200 pro,4828
04-03-2026,Stone 1200 pro,4828
05-03-2026,Stone 1200 pro,4828
06-03-2026,Stone 1200 pro,4828
07-03-2026,Stone 1200 pro,4828
08-03-2026,Stone 1200 pro,4828
09-03-2026,Stone 1200 pro,4828
10-03-2026,Stone 1200 pro,4828
11-03-2026,Stone 1200 pro,4957
12-03-2026,Stone 1200 pro,4957
13-03-2026,Stone 1200 pro,4957
14-03-2026,Stone 1200 pro,4957
15-03-2026,Stone 1200 pro,4957
16-03-2026,Stone 1200 pro,4576
17-03-2026,Stone 1200 pro,4576
18-03-2026,Stone 1200 pro,4576
19-03-2026,Stone 1200 pro,4576
20-03-2026,Stone 1200 pro,4473
21-03-2026,Stone 1200 pro,4473
22-03-2026,Stone 1200 pro,3799
23-03-2026,Stone 1200 pro,4296
24-03-2026,Stone 1200 pro,4296
25-03-2026,Stone 1200 pro,4296
26-03-2026,Stone 1200 pro,4296
27-03-2026,Stone 1200 pro,4296
28-03-2026,Stone 1200 pro,4296
29-03-2026,Stone 1200 pro,4206
30-03-2026,Stone 1200 pro,4206
31-03-2026,Stone 1200 pro,4206
01-04-2026,Stone 1200 pro,4206
02-04-2026,Stone 1200 pro,4206
03-04-2026,Stone 1200 pro,4206
04-04-2026,Stone 1200 pro,4206
05-04-2026,Stone 1200 pro,4206
06-04-2026,Stone 1200 pro,4206
07-04-2026,Stone 1200 pro,4206
08-04-2026,Stone 1200 pro,4206
09-04-2026,Stone 1200 pro,4128
10-04-2026,Stone 1200 pro,4066
11-04-2026,Stone 1200 pro,4066
12-04-2026,Stone 1200 pro,4066
13-04-2026,Stone 1200 pro,4066
14-04-2026,Stone 1200 pro,4066
15-04-2026,Stone 1200 pro,4066
16-04-2026,Stone 1200 pro,4066
17-04-2026,Stone 1200 pro,4066
18-04-2026,Stone 1200 pro,4066
19-04-2026,Stone 1200 pro,4066
20-04-2026,Stone 1200 pro,4407
21-04-2026,Stone 1200 pro,4407
22-04-2026,Stone 1200 pro,4407
23-04-2026,Stone 1200 pro,4407
24-04-2026,Stone 1200 pro,4407
25-04-2026,Stone 1200 pro,4407
26-04-2026,Stone 1200 pro,4407
27-04-2026,Stone 1200 pro,4407
28-04-2026,Stone 1200 pro,4407
29-04-2026,Stone 1200 pro,4407
30-04-2026,Stone 1200 pro,4407
01-05-2026,Stone 1200 pro,4407
02-05-2026,Stone 1200 pro,4200
03-05-2026,Stone 1200 pro,4200
04-05-2026,Stone 1200 pro,4200
05-05-2026,Stone 1200 pro,4200
06-05-2026,Stone 1200 pro,4646
07-05-2026,Stone 1200 pro,6216
08-05-2026,Stone 1200 pro,6216
09-05-2026,Stone 1200 pro,6216
10-05-2026,Stone 1200 pro,6216
11-05-2026,Stone 1200 pro,5327
12-05-2026,Stone 1200 pro,5327
13-05-2026,Stone 1200 pro,5327
14-05-2026,Stone 1200 pro,5327
15-05-2026,Stone 1200 pro,5327
16-05-2026,Stone 1200 pro,5327
17-05-2026,Stone 1200 pro,5327
18-05-2026,Stone 1200 pro,5327
19-05-2026,Stone 1200 pro,5127
20-05-2026,Stone 1200 pro,5127
21-05-2026,Stone 1200 pro,5127
22-05-2026,Stone 1200 pro,5127
23-05-2026,Stone 1200 pro,5127
24-05-2026,Stone 1200 pro,5127
25-05-2026,Stone 1200 pro,5127
26-05-2026,Stone 1200 pro,5127
27-05-2026,Stone 1200 pro,5127
28-05-2026,Stone 1200 pro,5127
29-05-2026,Stone 1200 pro,5127
30-05-2026,Stone 1200 pro,5127
31-05-2026,Stone 1200 pro,5127
01-12-2025,Stone 208,1018
02-12-2025,Stone 208,995
03-12-2025,Stone 208,995
04-12-2025,Stone 208,995
05-12-2025,Stone 208,995
06-12-2025,Stone 208,995
07-12-2025,Stone 208,995
08-12-2025,Stone 208,995
09-12-2025,Stone 208,995
10-12-2025,Stone 208,995
11-12-2025,Stone 208,995
12-12-2025,Stone 208,995
13-12-2025,Stone 208,995
14-12-2025,Stone 208,995
15-12-2025,Stone 208,995
16-12-2025,Stone 208,967
17-12-2025,Stone 208,967
18-12-2025,Stone 208,967
19-12-2025,Stone 208,967
20-12-2025,Stone 208,967
21-12-2025,Stone 208,967
22-12-2025,Stone 208,967
23-12-2025,Stone 208,967
24-12-2025,Stone 208,967
25-12-2025,Stone 208,967
26-12-2025,Stone 208,967
27-12-2025,Stone 208,965
28-12-2025,Stone 208,965
29-12-2025,Stone 208,965
30-12-2025,Stone 208,965
31-12-2025,Stone 208,965
01-01-2026,Stone 208,965
02-01-2026,Stone 208,1036
03-01-2026,Stone 208,1036
04-01-2026,Stone 208,1036
05-01-2026,Stone 208,1036
06-01-2026,Stone 208,1036
07-01-2026,Stone 208,967
08-01-2026,Stone 208,967
09-01-2026,Stone 208,967
10-01-2026,Stone 208,967
11-01-2026,Stone 208,1037
12-01-2026,Stone 208,1037
13-01-2026,Stone 208,1037
14-01-2026,Stone 208,975
15-01-2026,Stone 208,975
16-01-2026,Stone 208,975
17-01-2026,Stone 208,975
18-01-2026,Stone 208,975
19-01-2026,Stone 208,975
20-01-2026,Stone 208,989
21-01-2026,Stone 208,989
22-01-2026,Stone 208,1299
23-01-2026,Stone 208,1298
24-01-2026,Stone 208,1298
25-01-2026,Stone 208,1298
26-01-2026,Stone 208,1298
27-01-2026,Stone 208,1298
28-01-2026,Stone 208,1298
29-01-2026,Stone 208,1298
30-01-2026,Stone 208,1298
31-01-2026,Stone 208,1298
01-02-2026,Stone 208,1298
02-02-2026,Stone 208,1298
03-02-2026,Stone 208,1260
04-02-2026,Stone 208,1215
05-02-2026,Stone 208,1215
06-02-2026,Stone 208,1215
07-02-2026,Stone 208,1215
08-02-2026,Stone 208,1215
09-02-2026,Stone 208,1215
10-02-2026,Stone 208,1187
11-02-2026,Stone 208,1137
12-02-2026,Stone 208,1137
13-02-2026,Stone 208,1137
14-02-2026,Stone 208,1137
15-02-2026,Stone 208,1137
16-02-2026,Stone 208,1137
17-02-2026,Stone 208,1137
18-02-2026,Stone 208,1137
19-02-2026,Stone 208,1137
20-02-2026,Stone 208,1137
21-02-2026,Stone 208,1137
22-02-2026,Stone 208,1137
23-02-2026,Stone 208,1137
24-02-2026,Stone 208,1137
25-02-2026,Stone 208,1137
26-02-2026,Stone 208,1137
27-02-2026,Stone 208,1137
28-02-2026,Stone 208,1137
01-03-2026,Stone 208,1137
02-03-2026,Stone 208,1137
03-03-2026,Stone 208,1137
04-03-2026,Stone 208,1137
05-03-2026,Stone 208,1137
06-03-2026,Stone 208,1137
07-03-2026,Stone 208,1137
08-03-2026,Stone 208,1137
09-03-2026,Stone 208,1137
10-03-2026,Stone 208,1137
11-03-2026,Stone 208,1137
12-03-2026,Stone 208,1137
13-03-2026,Stone 208,1147
14-03-2026,Stone 208,1155
15-03-2026,Stone 208,1155
16-03-2026,Stone 208,1155
17-03-2026,Stone 208,1155
18-03-2026,Stone 208,1155
19-03-2026,Stone 208,1155
20-03-2026,Stone 208,1155
21-03-2026,Stone 208,1092
22-03-2026,Stone 208,1157
23-03-2026,Stone 208,1157
24-03-2026,Stone 208,1157
25-03-2026,Stone 208,1157
26-03-2026,Stone 208,1157
27-03-2026,Stone 208,1157
28-03-2026,Stone 208,1157
29-03-2026,Stone 208,1179
30-03-2026,Stone 208,1171
31-03-2026,Stone 208,1171
01-04-2026,Stone 208,1171
02-04-2026,Stone 208,1171
03-04-2026,Stone 208,1171
04-04-2026,Stone 208,1171
05-04-2026,Stone 208,1085
06-04-2026,Stone 208,1085
07-04-2026,Stone 208,1085
08-04-2026,Stone 208,1085
09-04-2026,Stone 208,1085
10-04-2026,Stone 208,1085
11-04-2026,Stone 208,1085
12-04-2026,Stone 208,1085
13-04-2026,Stone 208,1085
14-04-2026,Stone 208,1085
15-04-2026,Stone 208,1085
16-04-2026,Stone 208,1085
17-04-2026,Stone 208,1085
18-04-2026,Stone 208,1085
19-04-2026,Stone 208,1085
20-04-2026,Stone 208,1085
21-04-2026,Stone 208,1085
22-04-2026,Stone 208,1085
23-04-2026,Stone 208,1086
24-04-2026,Stone 208,1086
25-04-2026,Stone 208,1086
26-04-2026,Stone 208,1086
27-04-2026,Stone 208,1086
28-04-2026,Stone 208,1086
29-04-2026,Stone 208,1086
30-04-2026,Stone 208,1086
01-05-2026,Stone 208,1086
02-05-2026,Stone 208,1086
03-05-2026,Stone 208,1086
04-05-2026,Stone 208,1086
05-05-2026,Stone 208,1086
06-05-2026,Stone 208,1086
07-05-2026,Stone 208,1086
08-05-2026,Stone 208,1086
09-05-2026,Stone 208,1086
10-05-2026,Stone 208,1086
11-05-2026,Stone 208,1086
12-05-2026,Stone 208,1086
13-05-2026,Stone 208,1086
14-05-2026,Stone 208,1125
15-05-2026,Stone 208,1000
16-05-2026,Stone 208,1000
17-05-2026,Stone 208,829
18-05-2026,Stone 208,829
19-05-2026,Stone 208,902
20-05-2026,Stone 208,902
21-05-2026,Stone 208,964
22-05-2026,Stone 208,964
23-05-2026,Stone 208,1052
24-05-2026,Stone 208,1052
25-05-2026,Stone 208,1052
26-05-2026,Stone 208,1052
27-05-2026,Stone 208,1099
28-05-2026,Stone 208,1099
29-05-2026,Stone 208,1099
30-05-2026,Stone 208,1099
31-05-2026,Stone 208,1099
01-12-2025,Stone 580,1604
02-12-2025,Stone 580,1604
03-12-2025,Stone 580,1604
04-12-2025,Stone 580,1678
05-12-2025,Stone 580,1678
06-12-2025,Stone 580,1678
07-12-2025,Stone 580,1678
08-12-2025,Stone 580,1678
09-12-2025,Stone 580,1678
10-12-2025,Stone 580,1678
11-12-2025,Stone 580,1678
12-12-2025,Stone 580,1678
13-12-2025,Stone 580,1678
14-12-2025,Stone 580,1724
15-12-2025,Stone 580,1724
16-12-2025,Stone 580,1724
17-12-2025,Stone 580,1724
18-12-2025,Stone 580,1724
19-12-2025,Stone 580,1724
20-12-2025,Stone 580,1724
21-12-2025,Stone 580,1724
22-12-2025,Stone 580,1724
23-12-2025,Stone 580,1724
24-12-2025,Stone 580,1724
25-12-2025,Stone 580,1724
26-12-2025,Stone 580,1724
27-12-2025,Stone 580,1661
28-12-2025,Stone 580,1661
29-12-2025,Stone 580,1661
30-12-2025,Stone 580,1661
31-12-2025,Stone 580,1661
01-01-2026,Stone 580,1661
02-01-2026,Stone 580,1661
03-01-2026,Stone 580,1661
04-01-2026,Stone 580,1661
05-01-2026,Stone 580,1661
06-01-2026,Stone 580,1661
07-01-2026,Stone 580,1661
08-01-2026,Stone 580,1661
09-01-2026,Stone 580,1661
10-01-2026,Stone 580,1661
11-01-2026,Stone 580,1661
12-01-2026,Stone 580,1661
13-01-2026,Stone 580,1661
14-01-2026,Stone 580,1611
15-01-2026,Stone 580,1611
16-01-2026,Stone 580,1611
17-01-2026,Stone 580,1611
18-01-2026,Stone 580,1611
19-01-2026,Stone 580,1199
20-01-2026,Stone 580,1199
21-01-2026,Stone 580,1199
22-01-2026,Stone 580,1199
23-01-2026,Stone 580,1199
24-01-2026,Stone 580,1199
25-01-2026,Stone 580,1199
26-01-2026,Stone 580,1414
27-01-2026,Stone 580,1506
28-01-2026,Stone 580,1412
29-01-2026,Stone 580,1385
30-01-2026,Stone 580,1385
31-01-2026,Stone 580,1385
01-02-2026,Stone 580,1385
02-02-2026,Stone 580,1385
03-02-2026,Stone 580,1385
04-02-2026,Stone 580,1385
05-02-2026,Stone 580,1385
06-02-2026,Stone 580,1385
07-02-2026,Stone 580,1385
08-02-2026,Stone 580,1532
09-02-2026,Stone 580,1532
10-02-2026,Stone 580,1532
11-02-2026,Stone 580,1532
12-02-2026,Stone 580,1532
13-02-2026,Stone 580,1532
14-02-2026,Stone 580,1532
15-02-2026,Stone 580,1532
16-02-2026,Stone 580,1532
17-02-2026,Stone 580,1532
18-02-2026,Stone 580,1566
19-02-2026,Stone 580,1566
20-02-2026,Stone 580,1566
21-02-2026,Stone 580,1566
22-02-2026,Stone 580,1566
23-02-2026,Stone 580,1566
24-02-2026,Stone 580,1566
25-02-2026,Stone 580,1540
26-02-2026,Stone 580,1540
27-02-2026,Stone 580,1540
28-02-2026,Stone 580,1540
01-03-2026,Stone 580,1540
02-03-2026,Stone 580,1540
03-03-2026,Stone 580,1540
04-03-2026,Stone 580,1540
05-03-2026,Stone 580,1540
06-03-2026,Stone 580,1540
07-03-2026,Stone 580,1540
08-03-2026,Stone 580,1540
09-03-2026,Stone 580,1540
10-03-2026,Stone 580,1473
11-03-2026,Stone 580,1473
12-03-2026,Stone 580,1473
13-03-2026,Stone 580,1473
14-03-2026,Stone 580,1473
15-03-2026,Stone 580,1473
16-03-2026,Stone 580,1473
17-03-2026,Stone 580,1473
18-03-2026,Stone 580,1473
19-03-2026,Stone 580,1473
20-03-2026,Stone 580,1473
21-03-2026,Stone 580,1473
22-03-2026,Stone 580,1473
23-03-2026,Stone 580,1473
24-03-2026,Stone 580,1473
25-03-2026,Stone 580,1473
26-03-2026,Stone 580,1473
27-03-2026,Stone 580,1473
28-03-2026,Stone 580,1437
29-03-2026,Stone 580,1437
30-03-2026,Stone 580,1437
31-03-2026,Stone 580,1437
01-04-2026,Stone 580,1571
02-04-2026,Stone 580,1571
03-04-2026,Stone 580,1571
04-04-2026,Stone 580,1571
05-04-2026,Stone 580,1571
06-04-2026,Stone 580,1571
07-04-2026,Stone 580,1571
08-04-2026,Stone 580,1571
09-04-2026,Stone 580,1591
10-04-2026,Stone 580,1591
11-04-2026,Stone 580,1591
12-04-2026,Stone 580,1591
13-04-2026,Stone 580,1619
14-04-2026,Stone 580,1515
15-04-2026,Stone 580,1515
16-04-2026,Stone 580,1515
17-04-2026,Stone 580,1515
18-04-2026,Stone 580,1515
19-04-2026,Stone 580,1515
20-04-2026,Stone 580,1664
21-04-2026,Stone 580,1664
22-04-2026,Stone 580,1664
23-04-2026,Stone 580,1664
24-04-2026,Stone 580,1664
25-04-2026,Stone 580,1664
26-04-2026,Stone 580,1664
27-04-2026,Stone 580,1547
28-04-2026,Stone 580,1547
29-04-2026,Stone 580,1445
30-04-2026,Stone 580,1445
01-05-2026,Stone 580,1445
02-05-2026,Stone 580,1445
03-05-2026,Stone 580,1445
04-05-2026,Stone 580,1445
05-05-2026,Stone 580,1445
06-05-2026,Stone 580,1445
07-05-2026,Stone 580,1445
08-05-2026,Stone 580,1585
09-05-2026,Stone 580,1585
10-05-2026,Stone 580,1585
11-05-2026,Stone 580,1585
12-05-2026,Stone 580,1626
13-05-2026,Stone 580,1626
14-05-2026,Stone 580,1626
15-05-2026,Stone 580,1626
16-05-2026,Stone 580,2235
17-05-2026,Stone 580,2235
18-05-2026,Stone 580,2235
19-05-2026,Stone 580,2235
20-05-2026,Stone 580,2235
21-05-2026,Stone 580,1887
22-05-2026,Stone 580,1887
23-05-2026,Stone 580,1714
24-05-2026,Stone 580,1714
25-05-2026,Stone 580,1714
26-05-2026,Stone 580,1714
27-05-2026,Stone 580,1714
28-05-2026,Stone 580,1539
29-05-2026,Stone 580,1543
30-05-2026,Stone 580,1543
31-05-2026,Stone 580,1543
01-12-2025,Stone 110,759
02-12-2025,Stone 110,759
03-12-2025,Stone 110,759
04-12-2025,Stone 110,759
05-12-2025,Stone 110,759
06-12-2025,Stone 110,759
07-12-2025,Stone 110,759
08-12-2025,Stone 110,759
09-12-2025,Stone 110,759
10-12-2025,Stone 110,759
11-12-2025,Stone 110,759
12-12-2025,Stone 110,759
13-12-2025,Stone 110,759
14-12-2025,Stone 110,759
15-12-2025,Stone 110,759
16-12-2025,Stone 110,759
17-12-2025,Stone 110,759
18-12-2025,Stone 110,759
19-12-2025,Stone 110,714
20-12-2025,Stone 110,714
21-12-2025,Stone 110,729
22-12-2025,Stone 110,729
23-12-2025,Stone 110,755
24-12-2025,Stone 110,785
25-12-2025,Stone 110,785
26-12-2025,Stone 110,740
27-12-2025,Stone 110,740
28-12-2025,Stone 110,740
29-12-2025,Stone 110,740
30-12-2025,Stone 110,740
31-12-2025,Stone 110,740
01-01-2026,Stone 110,740
02-01-2026,Stone 110,740
03-01-2026,Stone 110,740
04-01-2026,Stone 110,740
05-01-2026,Stone 110,740
06-01-2026,Stone 110,740
07-01-2026,Stone 110,740
08-01-2026,Stone 110,758
09-01-2026,Stone 110,758
10-01-2026,Stone 110,758
11-01-2026,Stone 110,758
12-01-2026,Stone 110,758
13-01-2026,Stone 110,758
14-01-2026,Stone 110,782
15-01-2026,Stone 110,782
16-01-2026,Stone 110,782
17-01-2026,Stone 110,782
18-01-2026,Stone 110,788
19-01-2026,Stone 110,783
20-01-2026,Stone 110,783
21-01-2026,Stone 110,783
22-01-2026,Stone 110,783
23-01-2026,Stone 110,781
24-01-2026,Stone 110,499
25-01-2026,Stone 110,499
26-01-2026,Stone 110,592
27-01-2026,Stone 110,592
28-01-2026,Stone 110,592
29-01-2026,Stone 110,662
30-01-2026,Stone 110,662
31-01-2026,Stone 110,689
01-02-2026,Stone 110,689
02-02-2026,Stone 110,689
03-02-2026,Stone 110,689
04-02-2026,Stone 110,749
05-02-2026,Stone 110,749
06-02-2026,Stone 110,749
07-02-2026,Stone 110,749
08-02-2026,Stone 110,749
09-02-2026,Stone 110,700
10-02-2026,Stone 110,2490
11-02-2026,Stone 110,2490
12-02-2026,Stone 110,2490
13-02-2026,Stone 110,2490
14-02-2026,Stone 110,2490
15-02-2026,Stone 110,2490
16-02-2026,Stone 110,2490
17-02-2026,Stone 110,2490
18-02-2026,Stone 110,2490
19-02-2026,Stone 110,2490
20-02-2026,Stone 110,2490
21-02-2026,Stone 110,2490
22-02-2026,Stone 110,2490
23-02-2026,Stone 110,2490
24-02-2026,Stone 110,2490
25-02-2026,Stone 110,2490
26-02-2026,Stone 110,2490
27-02-2026,Stone 110,2490
28-02-2026,Stone 110,2490
01-03-2026,Stone 110,2490
02-03-2026,Stone 110,1928
03-03-2026,Stone 110,1928
04-03-2026,Stone 110,1928
05-03-2026,Stone 110,1928
06-03-2026,Stone 110,1928
07-03-2026,Stone 110,1928
08-03-2026,Stone 110,1928
09-03-2026,Stone 110,1602
10-03-2026,Stone 110,1602
11-03-2026,Stone 110,1602
12-03-2026,Stone 110,1602
13-03-2026,Stone 110,1247
14-03-2026,Stone 110,1247
15-03-2026,Stone 110,1247
16-03-2026,Stone 110,1017
17-03-2026,Stone 110,1017
18-03-2026,Stone 110,1017
19-03-2026,Stone 110,1017
20-03-2026,Stone 110,1017
21-03-2026,Stone 110,1017
22-03-2026,Stone 110,1017
23-03-2026,Stone 110,1017
24-03-2026,Stone 110,1017
25-03-2026,Stone 110,1017
26-03-2026,Stone 110,1017
27-03-2026,Stone 110,1017
28-03-2026,Stone 110,1017
29-03-2026,Stone 110,1017
30-03-2026,Stone 110,1017
31-03-2026,Stone 110,1017
01-04-2026,Stone 110,1017
02-04-2026,Stone 110,1017
03-04-2026,Stone 110,923
04-04-2026,Stone 110,923
05-04-2026,Stone 110,923
06-04-2026,Stone 110,805
07-04-2026,Stone 110,805
08-04-2026,Stone 110,805
09-04-2026,Stone 110,805
10-04-2026,Stone 110,805
11-04-2026,Stone 110,849
12-04-2026,Stone 110,849
13-04-2026,Stone 110,849
14-04-2026,Stone 110,849
15-04-2026,Stone 110,849
16-04-2026,Stone 110,849
17-04-2026,Stone 110,849
18-04-2026,Stone 110,849
19-04-2026,Stone 110,849
20-04-2026,Stone 110,849
21-04-2026,Stone 110,763
22-04-2026,Stone 110,763
23-04-2026,Stone 110,763
24-04-2026,Stone 110,763
25-04-2026,Stone 110,763
26-04-2026,Stone 110,763
27-04-2026,Stone 110,763
28-04-2026,Stone 110,763
29-04-2026,Stone 110,768
30-04-2026,Stone 110,768
01-05-2026,Stone 110,768
02-05-2026,Stone 110,768
03-05-2026,Stone 110,768
04-05-2026,Stone 110,768
05-05-2026,Stone 110,768
06-05-2026,Stone 110,759
07-05-2026,Stone 110,759
08-05-2026,Stone 110,759
09-05-2026,Stone 110,759
10-05-2026,Stone 110,759
11-05-2026,Stone 110,759
12-05-2026,Stone 110,759
13-05-2026,Stone 110,759
14-05-2026,Stone 110,759
15-05-2026,Stone 110,759
16-05-2026,Stone 110,759
17-05-2026,Stone 110,759
18-05-2026,Stone 110,759
19-05-2026,Stone 110,759
20-05-2026,Stone 110,759
21-05-2026,Stone 110,759
22-05-2026,Stone 110,759
23-05-2026,Stone 110,759
24-05-2026,Stone 110,759
25-05-2026,Stone 110,759
26-05-2026,Stone 110,759
27-05-2026,Stone 110,805
28-05-2026,Stone 110,805
29-05-2026,Stone 110,805
30-05-2026,Stone 110,805
31-05-2026,Stone 110,805
01-12-2025,Aavante Bar 2000D,7500
02-12-2025,Aavante Bar 2000D,7500
03-12-2025,Aavante Bar 2000D,7500
04-12-2025,Aavante Bar 2000D,7500
05-12-2025,Aavante Bar 2000D,7500
06-12-2025,Aavante Bar 2000D,7500
07-12-2025,Aavante Bar 2000D,7500
08-12-2025,Aavante Bar 2000D,7500
09-12-2025,Aavante Bar 2000D,7500
10-12-2025,Aavante Bar 2000D,7500
11-12-2025,Aavante Bar 2000D,7500
12-12-2025,Aavante Bar 2000D,7500
13-12-2025,Aavante Bar 2000D,7500
14-12-2025,Aavante Bar 2000D,7500
15-12-2025,Aavante Bar 2000D,7500
16-12-2025,Aavante Bar 2000D,7500
17-12-2025,Aavante Bar 2000D,7500
18-12-2025,Aavante Bar 2000D,7500
19-12-2025,Aavante Bar 2000D,7110
20-12-2025,Aavante Bar 2000D,7110
21-12-2025,Aavante Bar 2000D,7110
22-12-2025,Aavante Bar 2000D,7110
23-12-2025,Aavante Bar 2000D,7110
24-12-2025,Aavante Bar 2000D,7110
25-12-2025,Aavante Bar 2000D,7110
26-12-2025,Aavante Bar 2000D,7110
27-12-2025,Aavante Bar 2000D,7110
28-12-2025,Aavante Bar 2000D,7110
29-12-2025,Aavante Bar 2000D,7110
30-12-2025,Aavante Bar 2000D,7110
31-12-2025,Aavante Bar 2000D,7218
01-01-2026,Aavante Bar 2000D,7218
02-01-2026,Aavante Bar 2000D,7858
03-01-2026,Aavante Bar 2000D,7858
04-01-2026,Aavante Bar 2000D,7858
05-01-2026,Aavante Bar 2000D,7858
06-01-2026,Aavante Bar 2000D,8254
07-01-2026,Aavante Bar 2000D,8254
08-01-2026,Aavante Bar 2000D,8254
09-01-2026,Aavante Bar 2000D,8254
10-01-2026,Aavante Bar 2000D,8254
11-01-2026,Aavante Bar 2000D,8254
12-01-2026,Aavante Bar 2000D,8254
13-01-2026,Aavante Bar 2000D,8254
14-01-2026,Aavante Bar 2000D,8254
15-01-2026,Aavante Bar 2000D,8254
16-01-2026,Aavante Bar 2000D,8254
17-01-2026,Aavante Bar 2000D,7380
18-01-2026,Aavante Bar 2000D,7380
19-01-2026,Aavante Bar 2000D,7758
20-01-2026,Aavante Bar 2000D,7758
21-01-2026,Aavante Bar 2000D,7758
22-01-2026,Aavante Bar 2000D,7758
23-01-2026,Aavante Bar 2000D,7758
24-01-2026,Aavante Bar 2000D,7758
25-01-2026,Aavante Bar 2000D,7758
26-01-2026,Aavante Bar 2000D,24990
27-01-2026,Aavante Bar 2000D,24990
28-01-2026,Aavante Bar 2000D,24990
29-01-2026,Aavante Bar 2000D,24990
30-01-2026,Aavante Bar 2000D,18430
31-01-2026,Aavante Bar 2000D,18430
01-02-2026,Aavante Bar 2000D,18430
02-02-2026,Aavante Bar 2000D,14665
03-02-2026,Aavante Bar 2000D,14665
04-02-2026,Aavante Bar 2000D,14665
05-02-2026,Aavante Bar 2000D,14665
06-02-2026,Aavante Bar 2000D,14665
07-02-2026,Aavante Bar 2000D,14665
08-02-2026,Aavante Bar 2000D,14665
09-02-2026,Aavante Bar 2000D,14665
10-02-2026,Aavante Bar 2000D,14665
11-02-2026,Aavante Bar 2000D,12974
12-02-2026,Aavante Bar 2000D,12974
13-02-2026,Aavante Bar 2000D,12974
14-02-2026,Aavante Bar 2000D,12974
15-02-2026,Aavante Bar 2000D,12974
16-02-2026,Aavante Bar 2000D,10669
17-02-2026,Aavante Bar 2000D,10669
18-02-2026,Aavante Bar 2000D,10669
19-02-2026,Aavante Bar 2000D,10669
20-02-2026,Aavante Bar 2000D,10669
21-02-2026,Aavante Bar 2000D,10669
22-02-2026,Aavante Bar 2000D,10669
23-02-2026,Aavante Bar 2000D,9952
24-02-2026,Aavante Bar 2000D,9952
25-02-2026,Aavante Bar 2000D,9952
26-02-2026,Aavante Bar 2000D,9952
27-02-2026,Aavante Bar 2000D,9952
28-02-2026,Aavante Bar 2000D,8460
01-03-2026,Aavante Bar 2000D,8460
02-03-2026,Aavante Bar 2000D,8460
03-03-2026,Aavante Bar 2000D,8460
04-03-2026,Aavante Bar 2000D,8460
05-03-2026,Aavante Bar 2000D,8460
06-03-2026,Aavante Bar 2000D,8460
07-03-2026,Aavante Bar 2000D,8460
08-03-2026,Aavante Bar 2000D,8460
09-03-2026,Aavante Bar 2000D,8460
10-03-2026,Aavante Bar 2000D,8460
11-03-2026,Aavante Bar 2000D,8460
12-03-2026,Aavante Bar 2000D,8460
13-03-2026,Aavante Bar 2000D,8460
14-03-2026,Aavante Bar 2000D,8460
15-03-2026,Aavante Bar 2000D,8460
16-03-2026,Aavante Bar 2000D,8460
17-03-2026,Aavante Bar 2000D,8460
18-03-2026,Aavante Bar 2000D,8460
19-03-2026,Aavante Bar 2000D,8460
20-03-2026,Aavante Bar 2000D,7866
21-03-2026,Aavante Bar 2000D,7866
22-03-2026,Aavante Bar 2000D,7866
23-03-2026,Aavante Bar 2000D,7866
24-03-2026,Aavante Bar 2000D,7866
25-03-2026,Aavante Bar 2000D,7866
26-03-2026,Aavante Bar 2000D,7866
27-03-2026,Aavante Bar 2000D,7866
28-03-2026,Aavante Bar 2000D,8243
29-03-2026,Aavante Bar 2000D,8243
30-03-2026,Aavante Bar 2000D,7912
31-03-2026,Aavante Bar 2000D,7912
01-04-2026,Aavante Bar 2000D,7912
02-04-2026,Aavante Bar 2000D,7229
03-04-2026,Aavante Bar 2000D,7229
04-04-2026,Aavante Bar 2000D,7229
05-04-2026,Aavante Bar 2000D,7229
06-04-2026,Aavante Bar 2000D,7229
07-04-2026,Aavante Bar 2000D,7229
08-04-2026,Aavante Bar 2000D,7229
09-04-2026,Aavante Bar 2000D,7652
10-04-2026,Aavante Bar 2000D,7925
11-04-2026,Aavante Bar 2000D,7925
12-04-2026,Aavante Bar 2000D,7925
13-04-2026,Aavante Bar 2000D,7925
14-04-2026,Aavante Bar 2000D,7298
15-04-2026,Aavante Bar 2000D,7298
16-04-2026,Aavante Bar 2000D,7298
17-04-2026,Aavante Bar 2000D,7298
18-04-2026,Aavante Bar 2000D,7298
19-04-2026,Aavante Bar 2000D,7298
20-04-2026,Aavante Bar 2000D,7298
21-04-2026,Aavante Bar 2000D,7298
22-04-2026,Aavante Bar 2000D,7326
23-04-2026,Aavante Bar 2000D,7326
24-04-2026,Aavante Bar 2000D,7326
25-04-2026,Aavante Bar 2000D,7326
26-04-2026,Aavante Bar 2000D,6891
27-04-2026,Aavante Bar 2000D,6891
28-04-2026,Aavante Bar 2000D,6891
29-04-2026,Aavante Bar 2000D,6946
30-04-2026,Aavante Bar 2000D,6946
01-05-2026,Aavante Bar 2000D,6946
02-05-2026,Aavante Bar 2000D,6946
03-05-2026,Aavante Bar 2000D,6946
04-05-2026,Aavante Bar 2000D,6946
05-05-2026,Aavante Bar 2000D,6946
06-05-2026,Aavante Bar 2000D,6946
07-05-2026,Aavante Bar 2000D,6946
08-05-2026,Aavante Bar 2000D,7537
09-05-2026,Aavante Bar 2000D,7537
10-05-2026,Aavante Bar 2000D,8077
11-05-2026,Aavante Bar 2000D,8077
12-05-2026,Aavante Bar 2000D,8077
13-05-2026,Aavante Bar 2000D,7957
14-05-2026,Aavante Bar 2000D,7957
15-05-2026,Aavante Bar 2000D,7957
16-05-2026,Aavante Bar 2000D,7957
17-05-2026,Aavante Bar 2000D,7733
18-05-2026,Aavante Bar 2000D,7733
19-05-2026,Aavante Bar 2000D,7733
20-05-2026,Aavante Bar 2000D,7639
21-05-2026,Aavante Bar 2000D,7639
22-05-2026,Aavante Bar 2000D,7639
23-05-2026,Aavante Bar 2000D,5500
24-05-2026,Aavante Bar 2000D,5500
25-05-2026,Aavante Bar 2000D,5500
26-05-2026,Aavante Bar 2000D,5500
27-05-2026,Aavante Bar 2000D,5500
28-05-2026,Aavante Bar 2000D,5500
29-05-2026,Aavante Bar 2000D,5500
30-05-2026,Aavante Bar 2000D,5500
31-05-2026,Aavante Bar 2000D,5500
01-12-2025,Aavante Bar 1600D,6230
02-12-2025,Aavante Bar 1600D,6230
03-12-2025,Aavante Bar 1600D,5000
04-12-2025,Aavante Bar 1600D,5000
05-12-2025,Aavante Bar 1600D,5000
06-12-2025,Aavante Bar 1600D,5000
07-12-2025,Aavante Bar 1600D,5000
08-12-2025,Aavante Bar 1600D,5000
09-12-2025,Aavante Bar 1600D,5000
10-12-2025,Aavante Bar 1600D,5000
11-12-2025,Aavante Bar 1600D,5000
12-12-2025,Aavante Bar 1600D,5316
13-12-2025,Aavante Bar 1600D,5316
14-12-2025,Aavante Bar 1600D,5316
15-12-2025,Aavante Bar 1600D,5316
16-12-2025,Aavante Bar 1600D,5316
17-12-2025,Aavante Bar 1600D,5316
18-12-2025,Aavante Bar 1600D,5316
19-12-2025,Aavante Bar 1600D,5316
20-12-2025,Aavante Bar 1600D,5316
21-12-2025,Aavante Bar 1600D,5316
22-12-2025,Aavante Bar 1600D,5316
23-12-2025,Aavante Bar 1600D,5316
24-12-2025,Aavante Bar 1600D,5316
25-12-2025,Aavante Bar 1600D,5316
26-12-2025,Aavante Bar 1600D,5316
27-12-2025,Aavante Bar 1600D,5316
28-12-2025,Aavante Bar 1600D,5316
29-12-2025,Aavante Bar 1600D,5316
30-12-2025,Aavante Bar 1600D,5316
31-12-2025,Aavante Bar 1600D,5316
01-01-2026,Aavante Bar 1600D,5316
02-01-2026,Aavante Bar 1600D,5316
03-01-2026,Aavante Bar 1600D,5316
04-01-2026,Aavante Bar 1600D,5316
05-01-2026,Aavante Bar 1600D,5316
06-01-2026,Aavante Bar 1600D,5316
07-01-2026,Aavante Bar 1600D,5163
08-01-2026,Aavante Bar 1600D,5294
09-01-2026,Aavante Bar 1600D,5294
10-01-2026,Aavante Bar 1600D,5294
11-01-2026,Aavante Bar 1600D,5294
12-01-2026,Aavante Bar 1600D,5294
13-01-2026,Aavante Bar 1600D,5294
14-01-2026,Aavante Bar 1600D,5294
15-01-2026,Aavante Bar 1600D,5294
16-01-2026,Aavante Bar 1600D,5294
17-01-2026,Aavante Bar 1600D,5294
18-01-2026,Aavante Bar 1600D,5294
19-01-2026,Aavante Bar 1600D,5294
20-01-2026,Aavante Bar 1600D,5294
21-01-2026,Aavante Bar 1600D,5294
22-01-2026,Aavante Bar 1600D,5294
23-01-2026,Aavante Bar 1600D,5294
24-01-2026,Aavante Bar 1600D,5294
25-01-2026,Aavante Bar 1600D,5294
26-01-2026,Aavante Bar 1600D,5294
27-01-2026,Aavante Bar 1600D,5294
28-01-2026,Aavante Bar 1600D,5353
29-01-2026,Aavante Bar 1600D,5353
30-01-2026,Aavante Bar 1600D,5353
31-01-2026,Aavante Bar 1600D,5809
01-02-2026,Aavante Bar 1600D,5809
02-02-2026,Aavante Bar 1600D,5689
03-02-2026,Aavante Bar 1600D,5564
04-02-2026,Aavante Bar 1600D,5564
05-02-2026,Aavante Bar 1600D,5564
06-02-2026,Aavante Bar 1600D,5564
07-02-2026,Aavante Bar 1600D,5564
08-02-2026,Aavante Bar 1600D,5564
09-02-2026,Aavante Bar 1600D,6172
10-02-2026,Aavante Bar 1600D,6172
11-02-2026,Aavante Bar 1600D,6172
12-02-2026,Aavante Bar 1600D,6172
13-02-2026,Aavante Bar 1600D,6172
14-02-2026,Aavante Bar 1600D,6172
15-02-2026,Aavante Bar 1600D,6172
16-02-2026,Aavante Bar 1600D,6172
17-02-2026,Aavante Bar 1600D,6172
18-02-2026,Aavante Bar 1600D,6172
19-02-2026,Aavante Bar 1600D,6172
20-02-2026,Aavante Bar 1600D,5916
21-02-2026,Aavante Bar 1600D,5916
22-02-2026,Aavante Bar 1600D,5916
23-02-2026,Aavante Bar 1600D,5916
24-02-2026,Aavante Bar 1600D,5916
25-02-2026,Aavante Bar 1600D,5916
26-02-2026,Aavante Bar 1600D,5916
27-02-2026,Aavante Bar 1600D,6091
28-02-2026,Aavante Bar 1600D,6091
01-03-2026,Aavante Bar 1600D,6091
02-03-2026,Aavante Bar 1600D,6091
03-03-2026,Aavante Bar 1600D,6091
04-03-2026,Aavante Bar 1600D,6091
05-03-2026,Aavante Bar 1600D,6091
06-03-2026,Aavante Bar 1600D,6091
07-03-2026,Aavante Bar 1600D,6091
08-03-2026,Aavante Bar 1600D,6398
09-03-2026,Aavante Bar 1600D,6398
10-03-2026,Aavante Bar 1600D,6398
11-03-2026,Aavante Bar 1600D,6398
12-03-2026,Aavante Bar 1600D,6398
13-03-2026,Aavante Bar 1600D,6398
14-03-2026,Aavante Bar 1600D,6398
15-03-2026,Aavante Bar 1600D,6398
16-03-2026,Aavante Bar 1600D,6398
17-03-2026,Aavante Bar 1600D,6398
18-03-2026,Aavante Bar 1600D,6398
19-03-2026,Aavante Bar 1600D,6598
20-03-2026,Aavante Bar 1600D,6598
21-03-2026,Aavante Bar 1600D,6598
22-03-2026,Aavante Bar 1600D,6598
23-03-2026,Aavante Bar 1600D,6598
24-03-2026,Aavante Bar 1600D,6598
25-03-2026,Aavante Bar 1600D,6598
26-03-2026,Aavante Bar 1600D,6598
27-03-2026,Aavante Bar 1600D,6598
28-03-2026,Aavante Bar 1600D,6598
29-03-2026,Aavante Bar 1600D,6598
30-03-2026,Aavante Bar 1600D,6598
31-03-2026,Aavante Bar 1600D,6598
01-04-2026,Aavante Bar 1600D,6598
02-04-2026,Aavante Bar 1600D,6597
03-04-2026,Aavante Bar 1600D,6110
04-04-2026,Aavante Bar 1600D,6110
05-04-2026,Aavante Bar 1600D,6110
06-04-2026,Aavante Bar 1600D,6110
07-04-2026,Aavante Bar 1600D,6110
08-04-2026,Aavante Bar 1600D,6110
09-04-2026,Aavante Bar 1600D,6110
10-04-2026,Aavante Bar 1600D,6110
11-04-2026,Aavante Bar 1600D,6110
12-04-2026,Aavante Bar 1600D,6269
13-04-2026,Aavante Bar 1600D,6269
14-04-2026,Aavante Bar 1600D,6269
15-04-2026,Aavante Bar 1600D,6269
16-04-2026,Aavante Bar 1600D,12078
17-04-2026,Aavante Bar 1600D,12078
18-04-2026,Aavante Bar 1600D,10971
19-04-2026,Aavante Bar 1600D,10971
20-04-2026,Aavante Bar 1600D,10971
21-04-2026,Aavante Bar 1600D,10971
22-04-2026,Aavante Bar 1600D,10971
23-04-2026,Aavante Bar 1600D,10971
24-04-2026,Aavante Bar 1600D,10971
25-04-2026,Aavante Bar 1600D,10971
26-04-2026,Aavante Bar 1600D,10971
27-04-2026,Aavante Bar 1600D,10971
28-04-2026,Aavante Bar 1600D,10971
29-04-2026,Aavante Bar 1600D,8956
30-04-2026,Aavante Bar 1600D,8956
01-05-2026,Aavante Bar 1600D,8956
02-05-2026,Aavante Bar 1600D,8956
03-05-2026,Aavante Bar 1600D,8956
04-05-2026,Aavante Bar 1600D,8956
05-05-2026,Aavante Bar 1600D,8956
06-05-2026,Aavante Bar 1600D,8956
07-05-2026,Aavante Bar 1600D,8956
08-05-2026,Aavante Bar 1600D,8956
09-05-2026,Aavante Bar 1600D,8956
10-05-2026,Aavante Bar 1600D,8956
11-05-2026,Aavante Bar 1600D,8956
12-05-2026,Aavante Bar 1600D,8956
13-05-2026,Aavante Bar 1600D,8373
14-05-2026,Aavante Bar 1600D,8197
15-05-2026,Aavante Bar 1600D,8197
16-05-2026,Aavante Bar 1600D,8197
17-05-2026,Aavante Bar 1600D,8197
18-05-2026,Aavante Bar 1600D,8197
19-05-2026,Aavante Bar 1600D,8050
20-05-2026,Aavante Bar 1600D,8050
21-05-2026,Aavante Bar 1600D,8050
22-05-2026,Aavante Bar 1600D,8050
23-05-2026,Aavante Bar 1600D,8050
24-05-2026,Aavante Bar 1600D,8050
25-05-2026,Aavante Bar 1600D,8050
26-05-2026,Aavante Bar 1600D,8050
27-05-2026,Aavante Bar 1600D,8050
28-05-2026,Aavante Bar 1600D,8050
29-05-2026,Aavante Bar 1600D,8050
30-05-2026,Aavante Bar 1600D,8050
31-05-2026,Aavante Bar 1600D,8050
01-12-2025,Aavante Prime 7050D,16200
02-12-2025,Aavante Prime 7050D,16200
03-12-2025,Aavante Prime 7050D,16359
04-12-2025,Aavante Prime 7050D,16359
05-12-2025,Aavante Prime 7050D,16359
06-12-2025,Aavante Prime 7050D,16359
07-12-2025,Aavante Prime 7050D,16359
08-12-2025,Aavante Prime 7050D,16359
09-12-2025,Aavante Prime 7050D,16359
10-12-2025,Aavante Prime 7050D,16359
11-12-2025,Aavante Prime 7050D,16359
12-12-2025,Aavante Prime 7050D,16359
13-12-2025,Aavante Prime 7050D,16359
14-12-2025,Aavante Prime 7050D,16359
15-12-2025,Aavante Prime 7050D,16359
16-12-2025,Aavante Prime 7050D,16359
17-12-2025,Aavante Prime 7050D,16359
18-12-2025,Aavante Prime 7050D,17417
19-12-2025,Aavante Prime 7050D,17417
20-12-2025,Aavante Prime 7050D,18061
21-12-2025,Aavante Prime 7050D,18061
22-12-2025,Aavante Prime 7050D,18061
23-12-2025,Aavante Prime 7050D,18061
24-12-2025,Aavante Prime 7050D,18061
25-12-2025,Aavante Prime 7050D,18061
26-12-2025,Aavante Prime 7050D,18061
27-12-2025,Aavante Prime 7050D,18061
28-12-2025,Aavante Prime 7050D,18061
29-12-2025,Aavante Prime 7050D,18061
30-12-2025,Aavante Prime 7050D,18061
31-12-2025,Aavante Prime 7050D,18061
01-01-2026,Aavante Prime 7050D,15986
02-01-2026,Aavante Prime 7050D,15986
03-01-2026,Aavante Prime 7050D,15986
04-01-2026,Aavante Prime 7050D,15986
05-01-2026,Aavante Prime 7050D,15986
06-01-2026,Aavante Prime 7050D,14725
07-01-2026,Aavante Prime 7050D,14462
08-01-2026,Aavante Prime 7050D,14462
09-01-2026,Aavante Prime 7050D,14462
10-01-2026,Aavante Prime 7050D,15767
11-01-2026,Aavante Prime 7050D,15927
12-01-2026,Aavante Prime 7050D,15927
13-01-2026,Aavante Prime 7050D,15927
14-01-2026,Aavante Prime 7050D,15927
15-01-2026,Aavante Prime 7050D,15927
16-01-2026,Aavante Prime 7050D,15927
17-01-2026,Aavante Prime 7050D,15927
18-01-2026,Aavante Prime 7050D,15340
19-01-2026,Aavante Prime 7050D,19798
20-01-2026,Aavante Prime 7050D,19798
21-01-2026,Aavante Prime 7050D,19798
22-01-2026,Aavante Prime 7050D,19798
23-01-2026,Aavante Prime 7050D,19798
24-01-2026,Aavante Prime 7050D,19798
25-01-2026,Aavante Prime 7050D,19798
26-01-2026,Aavante Prime 7050D,19798
27-01-2026,Aavante Prime 7050D,19798
28-01-2026,Aavante Prime 7050D,19798
29-01-2026,Aavante Prime 7050D,19393
30-01-2026,Aavante Prime 7050D,19393
31-01-2026,Aavante Prime 7050D,19393
01-02-2026,Aavante Prime 7050D,19393
02-02-2026,Aavante Prime 7050D,19393
03-02-2026,Aavante Prime 7050D,19393
04-02-2026,Aavante Prime 7050D,19393
05-02-2026,Aavante Prime 7050D,19393
06-02-2026,Aavante Prime 7050D,17896
07-02-2026,Aavante Prime 7050D,17190
08-02-2026,Aavante Prime 7050D,15797
09-02-2026,Aavante Prime 7050D,15797
10-02-2026,Aavante Prime 7050D,15797
11-02-2026,Aavante Prime 7050D,15797
12-02-2026,Aavante Prime 7050D,16273
13-02-2026,Aavante Prime 7050D,16273
14-02-2026,Aavante Prime 7050D,16273
15-02-2026,Aavante Prime 7050D,16273
16-02-2026,Aavante Prime 7050D,16273
17-02-2026,Aavante Prime 7050D,16273
18-02-2026,Aavante Prime 7050D,16273
19-02-2026,Aavante Prime 7050D,16273
20-02-2026,Aavante Prime 7050D,16273
21-02-2026,Aavante Prime 7050D,16273
22-02-2026,Aavante Prime 7050D,17539
23-02-2026,Aavante Prime 7050D,17539
24-02-2026,Aavante Prime 7050D,17539
25-02-2026,Aavante Prime 7050D,17539
26-02-2026,Aavante Prime 7050D,17539
27-02-2026,Aavante Prime 7050D,17539
28-02-2026,Aavante Prime 7050D,17539
01-03-2026,Aavante Prime 7050D,17539
02-03-2026,Aavante Prime 7050D,17539
03-03-2026,Aavante Prime 7050D,17539
04-03-2026,Aavante Prime 7050D,17539
05-03-2026,Aavante Prime 7050D,17539
06-03-2026,Aavante Prime 7050D,17539
07-03-2026,Aavante Prime 7050D,17539
08-03-2026,Aavante Prime 7050D,17539
09-03-2026,Aavante Prime 7050D,17539
10-03-2026,Aavante Prime 7050D,17539
11-03-2026,Aavante Prime 7050D,17539
12-03-2026,Aavante Prime 7050D,17539
13-03-2026,Aavante Prime 7050D,17539
14-03-2026,Aavante Prime 7050D,17539
15-03-2026,Aavante Prime 7050D,17209
16-03-2026,Aavante Prime 7050D,17209
17-03-2026,Aavante Prime 7050D,17209
18-03-2026,Aavante Prime 7050D,17209
19-03-2026,Aavante Prime 7050D,17209
20-03-2026,Aavante Prime 7050D,17209
21-03-2026,Aavante Prime 7050D,17209
22-03-2026,Aavante Prime 7050D,17209
23-03-2026,Aavante Prime 7050D,17209
24-03-2026,Aavante Prime 7050D,17209
25-03-2026,Aavante Prime 7050D,17209
26-03-2026,Aavante Prime 7050D,17209
27-03-2026,Aavante Prime 7050D,17209
28-03-2026,Aavante Prime 7050D,17209
29-03-2026,Aavante Prime 7050D,17209
30-03-2026,Aavante Prime 7050D,17209
31-03-2026,Aavante Prime 7050D,17209
01-04-2026,Aavante Prime 7050D,17209
02-04-2026,Aavante Prime 7050D,17209
03-04-2026,Aavante Prime 7050D,16136
04-04-2026,Aavante Prime 7050D,16136
05-04-2026,Aavante Prime 7050D,16136
06-04-2026,Aavante Prime 7050D,16136
07-04-2026,Aavante Prime 7050D,16136
08-04-2026,Aavante Prime 7050D,16136
09-04-2026,Aavante Prime 7050D,16136
10-04-2026,Aavante Prime 7050D,16136
11-04-2026,Aavante Prime 7050D,16136
12-04-2026,Aavante Prime 7050D,16136
13-04-2026,Aavante Prime 7050D,16136
14-04-2026,Aavante Prime 7050D,11016
15-04-2026,Aavante Prime 7050D,11016
16-04-2026,Aavante Prime 7050D,11016
17-04-2026,Aavante Prime 7050D,11016
18-04-2026,Aavante Prime 7050D,11016
19-04-2026,Aavante Prime 7050D,11016
20-04-2026,Aavante Prime 7050D,11016
21-04-2026,Aavante Prime 7050D,11016
22-04-2026,Aavante Prime 7050D,11016
23-04-2026,Aavante Prime 7050D,11016
24-04-2026,Aavante Prime 7050D,11016
25-04-2026,Aavante Prime 7050D,11016
26-04-2026,Aavante Prime 7050D,12932
27-04-2026,Aavante Prime 7050D,12932
28-04-2026,Aavante Prime 7050D,12932
29-04-2026,Aavante Prime 7050D,13971
30-04-2026,Aavante Prime 7050D,13971
01-05-2026,Aavante Prime 7050D,13971
02-05-2026,Aavante Prime 7050D,13971
03-05-2026,Aavante Prime 7050D,13971
04-05-2026,Aavante Prime 7050D,13971
05-05-2026,Aavante Prime 7050D,13971
06-05-2026,Aavante Prime 7050D,13622
07-05-2026,Aavante Prime 7050D,13622
08-05-2026,Aavante Prime 7050D,13622
09-05-2026,Aavante Prime 7050D,14076
10-05-2026,Aavante Prime 7050D,14076
11-05-2026,Aavante Prime 7050D,14076
12-05-2026,Aavante Prime 7050D,14445
13-05-2026,Aavante Prime 7050D,14992
14-05-2026,Aavante Prime 7050D,14992
15-05-2026,Aavante Prime 7050D,15316
16-05-2026,Aavante Prime 7050D,15316
17-05-2026,Aavante Prime 7050D,15316
18-05-2026,Aavante Prime 7050D,15316
19-05-2026,Aavante Prime 7050D,15737
20-05-2026,Aavante Prime 7050D,15737
21-05-2026,Aavante Prime 7050D,15737
22-05-2026,Aavante Prime 7050D,15360
23-05-2026,Aavante Prime 7050D,15360
24-05-2026,Aavante Prime 7050D,15360
25-05-2026,Aavante Prime 7050D,15360
26-05-2026,Aavante Prime 7050D,15360
27-05-2026,Aavante Prime 7050D,15360
28-05-2026,Aavante Prime 7050D,15360
29-05-2026,Aavante Prime 7050D,16847
30-05-2026,Aavante Prime 7050D,16847
31-05-2026,Aavante Prime 7050D,16847
01-12-2025,Aavante Bar 610,1827
02-12-2025,Aavante Bar 610,1827
03-12-2025,Aavante Bar 610,1827
04-12-2025,Aavante Bar 610,1827
05-12-2025,Aavante Bar 610,1827
06-12-2025,Aavante Bar 610,1848
07-12-2025,Aavante Bar 610,1848
08-12-2025,Aavante Bar 610,1848
09-12-2025,Aavante Bar 610,1849
10-12-2025,Aavante Bar 610,1849
11-12-2025,Aavante Bar 610,1849
12-12-2025,Aavante Bar 610,1849
13-12-2025,Aavante Bar 610,1849
14-12-2025,Aavante Bar 610,1942
15-12-2025,Aavante Bar 610,1942
16-12-2025,Aavante Bar 610,1942
17-12-2025,Aavante Bar 610,1942
18-12-2025,Aavante Bar 610,1942
19-12-2025,Aavante Bar 610,1942
20-12-2025,Aavante Bar 610,1942
21-12-2025,Aavante Bar 610,1818
22-12-2025,Aavante Bar 610,1818
23-12-2025,Aavante Bar 610,1818
24-12-2025,Aavante Bar 610,1818
25-12-2025,Aavante Bar 610,1938
26-12-2025,Aavante Bar 610,1938
27-12-2025,Aavante Bar 610,1999
28-12-2025,Aavante Bar 610,1999
29-12-2025,Aavante Bar 610,1999
30-12-2025,Aavante Bar 610,1792
31-12-2025,Aavante Bar 610,1792
01-01-2026,Aavante Bar 610,1843
02-01-2026,Aavante Bar 610,1843
03-01-2026,Aavante Bar 610,1784
04-01-2026,Aavante Bar 610,1784
05-01-2026,Aavante Bar 610,1784
06-01-2026,Aavante Bar 610,1887
07-01-2026,Aavante Bar 610,1770
08-01-2026,Aavante Bar 610,1770
09-01-2026,Aavante Bar 610,1770
10-01-2026,Aavante Bar 610,1770
11-01-2026,Aavante Bar 610,1770
12-01-2026,Aavante Bar 610,1770
13-01-2026,Aavante Bar 610,1770
14-01-2026,Aavante Bar 610,1770
15-01-2026,Aavante Bar 610,1770
16-01-2026,Aavante Bar 610,1770
17-01-2026,Aavante Bar 610,1770
18-01-2026,Aavante Bar 610,1770
19-01-2026,Aavante Bar 610,1770
20-01-2026,Aavante Bar 610,1770
21-01-2026,Aavante Bar 610,1770
22-01-2026,Aavante Bar 610,1770
23-01-2026,Aavante Bar 610,1770
24-01-2026,Aavante Bar 610,1770
25-01-2026,Aavante Bar 610,1757
26-01-2026,Aavante Bar 610,1757
27-01-2026,Aavante Bar 610,1757
28-01-2026,Aavante Bar 610,1757
29-01-2026,Aavante Bar 610,1757
30-01-2026,Aavante Bar 610,1757
31-01-2026,Aavante Bar 610,1757
01-02-2026,Aavante Bar 610,1757
02-02-2026,Aavante Bar 610,1757
03-02-2026,Aavante Bar 610,1826
04-02-2026,Aavante Bar 610,2000
05-02-2026,Aavante Bar 610,2000
06-02-2026,Aavante Bar 610,1999
07-02-2026,Aavante Bar 610,1916
08-02-2026,Aavante Bar 610,1916
09-02-2026,Aavante Bar 610,1916
10-02-2026,Aavante Bar 610,1916
11-02-2026,Aavante Bar 610,1916
12-02-2026,Aavante Bar 610,1916
13-02-2026,Aavante Bar 610,1916
14-02-2026,Aavante Bar 610,1916
15-02-2026,Aavante Bar 610,1916
16-02-2026,Aavante Bar 610,1916
17-02-2026,Aavante Bar 610,1916
18-02-2026,Aavante Bar 610,1916
19-02-2026,Aavante Bar 610,1916
20-02-2026,Aavante Bar 610,1954
21-02-2026,Aavante Bar 610,1954
22-02-2026,Aavante Bar 610,1954
23-02-2026,Aavante Bar 610,1954
24-02-2026,Aavante Bar 610,1954
25-02-2026,Aavante Bar 610,1894
26-02-2026,Aavante Bar 610,1894
27-02-2026,Aavante Bar 610,1894
28-02-2026,Aavante Bar 610,1894
01-03-2026,Aavante Bar 610,1894
02-03-2026,Aavante Bar 610,1894
03-03-2026,Aavante Bar 610,1894
04-03-2026,Aavante Bar 610,1894
05-03-2026,Aavante Bar 610,1894
06-03-2026,Aavante Bar 610,1894
07-03-2026,Aavante Bar 610,1894
08-03-2026,Aavante Bar 610,1894
09-03-2026,Aavante Bar 610,1894
10-03-2026,Aavante Bar 610,1270
11-03-2026,Aavante Bar 610,1270
12-03-2026,Aavante Bar 610,1270
13-03-2026,Aavante Bar 610,1270
14-03-2026,Aavante Bar 610,1270
15-03-2026,Aavante Bar 610,1270
16-03-2026,Aavante Bar 610,1270
17-03-2026,Aavante Bar 610,1270
18-03-2026,Aavante Bar 610,1270
19-03-2026,Aavante Bar 610,1270
20-03-2026,Aavante Bar 610,1451
21-03-2026,Aavante Bar 610,1451
22-03-2026,Aavante Bar 610,1451
23-03-2026,Aavante Bar 610,1451
24-03-2026,Aavante Bar 610,1451
25-03-2026,Aavante Bar 610,1451
26-03-2026,Aavante Bar 610,1451
27-03-2026,Aavante Bar 610,1451
28-03-2026,Aavante Bar 610,1451
29-03-2026,Aavante Bar 610,1451
30-03-2026,Aavante Bar 610,1451
31-03-2026,Aavante Bar 610,1608
01-04-2026,Aavante Bar 610,1608
02-04-2026,Aavante Bar 610,1608
03-04-2026,Aavante Bar 610,1608
04-04-2026,Aavante Bar 610,1608
05-04-2026,Aavante Bar 610,1608
06-04-2026,Aavante Bar 610,1608
07-04-2026,Aavante Bar 610,1608
08-04-2026,Aavante Bar 610,1608
09-04-2026,Aavante Bar 610,1608
10-04-2026,Aavante Bar 610,1613
11-04-2026,Aavante Bar 610,1613
12-04-2026,Aavante Bar 610,1613
13-04-2026,Aavante Bar 610,1667
14-04-2026,Aavante Bar 610,1667
15-04-2026,Aavante Bar 610,1667
16-04-2026,Aavante Bar 610,1597
17-04-2026,Aavante Bar 610,1597
18-04-2026,Aavante Bar 610,1597
19-04-2026,Aavante Bar 610,1597
20-04-2026,Aavante Bar 610,1597
21-04-2026,Aavante Bar 610,1597
22-04-2026,Aavante Bar 610,1597
23-04-2026,Aavante Bar 610,1597
24-04-2026,Aavante Bar 610,1597
25-04-2026,Aavante Bar 610,1597
26-04-2026,Aavante Bar 610,1597
27-04-2026,Aavante Bar 610,1597
28-04-2026,Aavante Bar 610,1597
29-04-2026,Aavante Bar 610,1650
30-04-2026,Aavante Bar 610,1650
01-05-2026,Aavante Bar 610,1603
02-05-2026,Aavante Bar 610,1603
03-05-2026,Aavante Bar 610,1603
04-05-2026,Aavante Bar 610,1603
05-05-2026,Aavante Bar 610,1603
06-05-2026,Aavante Bar 610,1603
07-05-2026,Aavante Bar 610,1603
08-05-2026,Aavante Bar 610,1603
09-05-2026,Aavante Bar 610,1603
10-05-2026,Aavante Bar 610,1603
11-05-2026,Aavante Bar 610,1603
12-05-2026,Aavante Bar 610,1603
13-05-2026,Aavante Bar 610,1603
14-05-2026,Aavante Bar 610,1603
15-05-2026,Aavante Bar 610,1603
16-05-2026,Aavante Bar 610,1688
17-05-2026,Aavante Bar 610,1688
18-05-2026,Aavante Bar 610,1688
19-05-2026,Aavante Bar 610,1574
20-05-2026,Aavante Bar 610,1574
21-05-2026,Aavante Bar 610,1574
22-05-2026,Aavante Bar 610,1574
23-05-2026,Aavante Bar 610,1574
24-05-2026,Aavante Bar 610,1574
25-05-2026,Aavante Bar 610,1574
26-05-2026,Aavante Bar 610,1574
27-05-2026,Aavante Bar 610,1574
28-05-2026,Aavante Bar 610,1574
29-05-2026,Aavante Bar 610,1574
30-05-2026,Aavante Bar 610,1515
31-05-2026,Aavante Bar 610,1515
01-12-2025,Aavante Prime 5000D,10528
02-12-2025,Aavante Prime 5000D,10528
03-12-2025,Aavante Prime 5000D,10528
04-12-2025,Aavante Prime 5000D,10528
05-12-2025,Aavante Prime 5000D,10528
06-12-2025,Aavante Prime 5000D,10528
07-12-2025,Aavante Prime 5000D,10226
08-12-2025,Aavante Prime 5000D,10226
09-12-2025,Aavante Prime 5000D,10226
10-12-2025,Aavante Prime 5000D,10226
11-12-2025,Aavante Prime 5000D,10226
12-12-2025,Aavante Prime 5000D,10226
13-12-2025,Aavante Prime 5000D,10366
14-12-2025,Aavante Prime 5000D,10366
15-12-2025,Aavante Prime 5000D,10366
16-12-2025,Aavante Prime 5000D,10366
17-12-2025,Aavante Prime 5000D,10366
18-12-2025,Aavante Prime 5000D,10366
19-12-2025,Aavante Prime 5000D,10366
20-12-2025,Aavante Prime 5000D,10366
21-12-2025,Aavante Prime 5000D,10366
22-12-2025,Aavante Prime 5000D,10366
23-12-2025,Aavante Prime 5000D,10366
24-12-2025,Aavante Prime 5000D,10614
25-12-2025,Aavante Prime 5000D,10614
26-12-2025,Aavante Prime 5000D,10614
27-12-2025,Aavante Prime 5000D,10614
28-12-2025,Aavante Prime 5000D,10614
29-12-2025,Aavante Prime 5000D,10112
30-12-2025,Aavante Prime 5000D,10112
31-12-2025,Aavante Prime 5000D,10112
01-01-2026,Aavante Prime 5000D,10112
02-01-2026,Aavante Prime 5000D,10112
03-01-2026,Aavante Prime 5000D,10112
04-01-2026,Aavante Prime 5000D,10112
05-01-2026,Aavante Prime 5000D,10112
06-01-2026,Aavante Prime 5000D,10112
07-01-2026,Aavante Prime 5000D,10112
08-01-2026,Aavante Prime 5000D,10112
09-01-2026,Aavante Prime 5000D,10112
10-01-2026,Aavante Prime 5000D,10112
11-01-2026,Aavante Prime 5000D,10112
12-01-2026,Aavante Prime 5000D,10112
13-01-2026,Aavante Prime 5000D,10112
14-01-2026,Aavante Prime 5000D,10112
15-01-2026,Aavante Prime 5000D,10112
16-01-2026,Aavante Prime 5000D,10112
17-01-2026,Aavante Prime 5000D,10112
18-01-2026,Aavante Prime 5000D,10112
19-01-2026,Aavante Prime 5000D,10112
20-01-2026,Aavante Prime 5000D,10112
21-01-2026,Aavante Prime 5000D,10112
22-01-2026,Aavante Prime 5000D,10112
23-01-2026,Aavante Prime 5000D,10801
24-01-2026,Aavante Prime 5000D,10801
25-01-2026,Aavante Prime 5000D,10801
26-01-2026,Aavante Prime 5000D,10681
27-01-2026,Aavante Prime 5000D,10681
28-01-2026,Aavante Prime 5000D,10681
29-01-2026,Aavante Prime 5000D,10681
30-01-2026,Aavante Prime 5000D,10681
31-01-2026,Aavante Prime 5000D,10681
01-02-2026,Aavante Prime 5000D,11346
02-02-2026,Aavante Prime 5000D,11346
03-02-2026,Aavante Prime 5000D,11346
04-02-2026,Aavante Prime 5000D,10254
05-02-2026,Aavante Prime 5000D,10254
06-02-2026,Aavante Prime 5000D,10254
07-02-2026,Aavante Prime 5000D,10254
08-02-2026,Aavante Prime 5000D,10254
09-02-2026,Aavante Prime 5000D,10254
10-02-2026,Aavante Prime 5000D,10254
11-02-2026,Aavante Prime 5000D,10254
12-02-2026,Aavante Prime 5000D,10846
13-02-2026,Aavante Prime 5000D,10846
14-02-2026,Aavante Prime 5000D,10846
15-02-2026,Aavante Prime 5000D,10846
16-02-2026,Aavante Prime 5000D,10846
17-02-2026,Aavante Prime 5000D,10846
18-02-2026,Aavante Prime 5000D,10846
19-02-2026,Aavante Prime 5000D,10846
20-02-2026,Aavante Prime 5000D,10846
21-02-2026,Aavante Prime 5000D,10846
22-02-2026,Aavante Prime 5000D,10846
23-02-2026,Aavante Prime 5000D,10846
24-02-2026,Aavante Prime 5000D,10846
25-02-2026,Aavante Prime 5000D,11133
26-02-2026,Aavante Prime 5000D,11133
27-02-2026,Aavante Prime 5000D,11133
28-02-2026,Aavante Prime 5000D,10711
01-03-2026,Aavante Prime 5000D,10711
02-03-2026,Aavante Prime 5000D,10711
03-03-2026,Aavante Prime 5000D,10711
04-03-2026,Aavante Prime 5000D,10711
05-03-2026,Aavante Prime 5000D,13000
06-03-2026,Aavante Prime 5000D,13000
07-03-2026,Aavante Prime 5000D,13000
08-03-2026,Aavante Prime 5000D,8473
09-03-2026,Aavante Prime 5000D,8473
10-03-2026,Aavante Prime 5000D,8473
11-03-2026,Aavante Prime 5000D,8473
12-03-2026,Aavante Prime 5000D,8473
13-03-2026,Aavante Prime 5000D,8597
14-03-2026,Aavante Prime 5000D,8597
15-03-2026,Aavante Prime 5000D,8597
16-03-2026,Aavante Prime 5000D,8902
17-03-2026,Aavante Prime 5000D,8902
18-03-2026,Aavante Prime 5000D,8902
19-03-2026,Aavante Prime 5000D,8902
20-03-2026,Aavante Prime 5000D,9414
21-03-2026,Aavante Prime 5000D,9282
22-03-2026,Aavante Prime 5000D,9282
23-03-2026,Aavante Prime 5000D,9282
24-03-2026,Aavante Prime 5000D,9057
25-03-2026,Aavante Prime 5000D,9057
26-03-2026,Aavante Prime 5000D,9057
27-03-2026,Aavante Prime 5000D,9057
28-03-2026,Aavante Prime 5000D,9245
29-03-2026,Aavante Prime 5000D,9013
30-03-2026,Aavante Prime 5000D,9013
31-03-2026,Aavante Prime 5000D,9013
01-04-2026,Aavante Prime 5000D,9013
02-04-2026,Aavante Prime 5000D,9013
03-04-2026,Aavante Prime 5000D,9013
04-04-2026,Aavante Prime 5000D,9013
05-04-2026,Aavante Prime 5000D,9013
06-04-2026,Aavante Prime 5000D,9013
07-04-2026,Aavante Prime 5000D,9013
08-04-2026,Aavante Prime 5000D,9013
09-04-2026,Aavante Prime 5000D,9013
10-04-2026,Aavante Prime 5000D,9013
11-04-2026,Aavante Prime 5000D,9013
12-04-2026,Aavante Prime 5000D,9013
13-04-2026,Aavante Prime 5000D,9558
14-04-2026,Aavante Prime 5000D,9558
15-04-2026,Aavante Prime 5000D,9558
16-04-2026,Aavante Prime 5000D,9558
17-04-2026,Aavante Prime 5000D,9558
18-04-2026,Aavante Prime 5000D,10337
19-04-2026,Aavante Prime 5000D,10337
20-04-2026,Aavante Prime 5000D,10337
21-04-2026,Aavante Prime 5000D,10337
22-04-2026,Aavante Prime 5000D,10465
23-04-2026,Aavante Prime 5000D,10465
24-04-2026,Aavante Prime 5000D,10465
25-04-2026,Aavante Prime 5000D,9694
26-04-2026,Aavante Prime 5000D,9694
27-04-2026,Aavante Prime 5000D,9694
28-04-2026,Aavante Prime 5000D,9694
29-04-2026,Aavante Prime 5000D,9694
30-04-2026,Aavante Prime 5000D,10155
01-05-2026,Aavante Prime 5000D,10155
02-05-2026,Aavante Prime 5000D,10155
03-05-2026,Aavante Prime 5000D,10155
04-05-2026,Aavante Prime 5000D,10155
05-05-2026,Aavante Prime 5000D,10155
06-05-2026,Aavante Prime 5000D,10155
07-05-2026,Aavante Prime 5000D,10155
08-05-2026,Aavante Prime 5000D,10155
09-05-2026,Aavante Prime 5000D,10718
10-05-2026,Aavante Prime 5000D,10718
11-05-2026,Aavante Prime 5000D,10718
12-05-2026,Aavante Prime 5000D,10718
13-05-2026,Aavante Prime 5000D,10718
14-05-2026,Aavante Prime 5000D,10718
15-05-2026,Aavante Prime 5000D,10718
16-05-2026,Aavante Prime 5000D,10718
17-05-2026,Aavante Prime 5000D,10718
18-05-2026,Aavante Prime 5000D,10718
19-05-2026,Aavante Prime 5000D,10019
20-05-2026,Aavante Prime 5000D,9764
21-05-2026,Aavante Prime 5000D,9764
22-05-2026,Aavante Prime 5000D,9764
23-05-2026,Aavante Prime 5000D,9715
24-05-2026,Aavante Prime 5000D,9673
25-05-2026,Aavante Prime 5000D,9673
26-05-2026,Aavante Prime 5000D,9673
27-05-2026,Aavante Prime 5000D,9673
28-05-2026,Aavante Prime 5000D,9673
29-05-2026,Aavante Prime 5000D,9673
30-05-2026,Aavante Prime 5000D,9673
31-05-2026,Aavante Prime 5000D,9673
01-12-2025,BoAt Lunar Diascovery pro,3914
02-12-2025,BoAt Lunar Diascovery pro,3914
03-12-2025,BoAt Lunar Diascovery pro,3914
04-12-2025,BoAt Lunar Diascovery pro,3914
05-12-2025,BoAt Lunar Diascovery pro,3914
06-12-2025,BoAt Lunar Diascovery pro,3914
07-12-2025,BoAt Lunar Diascovery pro,3914
08-12-2025,BoAt Lunar Diascovery pro,3914
09-12-2025,BoAt Lunar Diascovery pro,3914
10-12-2025,BoAt Lunar Diascovery pro,3914
11-12-2025,BoAt Lunar Diascovery pro,3914
12-12-2025,BoAt Lunar Diascovery pro,3914
13-12-2025,BoAt Lunar Diascovery pro,3914
14-12-2025,BoAt Lunar Diascovery pro,3914
15-12-2025,BoAt Lunar Diascovery pro,3914
16-12-2025,BoAt Lunar Diascovery pro,3914
17-12-2025,BoAt Lunar Diascovery pro,3914
18-12-2025,BoAt Lunar Diascovery pro,3958
19-12-2025,BoAt Lunar Diascovery pro,3958
20-12-2025,BoAt Lunar Diascovery pro,3958
21-12-2025,BoAt Lunar Diascovery pro,3958
22-12-2025,BoAt Lunar Diascovery pro,3958
23-12-2025,BoAt Lunar Diascovery pro,3958
24-12-2025,BoAt Lunar Diascovery pro,3958
25-12-2025,BoAt Lunar Diascovery pro,3958
26-12-2025,BoAt Lunar Diascovery pro,3958
27-12-2025,BoAt Lunar Diascovery pro,3958
28-12-2025,BoAt Lunar Diascovery pro,3958
29-12-2025,BoAt Lunar Diascovery pro,3958
30-12-2025,BoAt Lunar Diascovery pro,3958
31-12-2025,BoAt Lunar Diascovery pro,3958
01-01-2026,BoAt Lunar Diascovery pro,3958
02-01-2026,BoAt Lunar Diascovery pro,1299
03-01-2026,BoAt Lunar Diascovery pro,1299
04-01-2026,BoAt Lunar Diascovery pro,1299
05-01-2026,BoAt Lunar Diascovery pro,1299
06-01-2026,BoAt Lunar Diascovery pro,1299
07-01-2026,BoAt Lunar Diascovery pro,1299
08-01-2026,BoAt Lunar Diascovery pro,1299
09-01-2026,BoAt Lunar Diascovery pro,1299
10-01-2026,BoAt Lunar Diascovery pro,1299
11-01-2026,BoAt Lunar Diascovery pro,1299
12-01-2026,BoAt Lunar Diascovery pro,1299
13-01-2026,BoAt Lunar Diascovery pro,1299
14-01-2026,BoAt Lunar Diascovery pro,1299
15-01-2026,BoAt Lunar Diascovery pro,1299
16-01-2026,BoAt Lunar Diascovery pro,1299
17-01-2026,BoAt Lunar Diascovery pro,1299
18-01-2026,BoAt Lunar Diascovery pro,1299
19-01-2026,BoAt Lunar Diascovery pro,1299
20-01-2026,BoAt Lunar Diascovery pro,1299
21-01-2026,BoAt Lunar Diascovery pro,1299
22-01-2026,BoAt Lunar Diascovery pro,2040
23-01-2026,BoAt Lunar Diascovery pro,2040
24-01-2026,BoAt Lunar Diascovery pro,2040
25-01-2026,BoAt Lunar Diascovery pro,2752
26-01-2026,BoAt Lunar Diascovery pro,2752
27-01-2026,BoAt Lunar Diascovery pro,3327
28-01-2026,BoAt Lunar Diascovery pro,3327
29-01-2026,BoAt Lunar Diascovery pro,3327
30-01-2026,BoAt Lunar Diascovery pro,3327
31-01-2026,BoAt Lunar Diascovery pro,3327
01-02-2026,BoAt Lunar Diascovery pro,3259
02-02-2026,BoAt Lunar Diascovery pro,3712
03-02-2026,BoAt Lunar Diascovery pro,3712
04-02-2026,BoAt Lunar Diascovery pro,3712
05-02-2026,BoAt Lunar Diascovery pro,3529
06-02-2026,BoAt Lunar Diascovery pro,3529
07-02-2026,BoAt Lunar Diascovery pro,3529
08-02-2026,BoAt Lunar Diascovery pro,3529
09-02-2026,BoAt Lunar Diascovery pro,3529
10-02-2026,BoAt Lunar Diascovery pro,3529
11-02-2026,BoAt Lunar Diascovery pro,3529
12-02-2026,BoAt Lunar Diascovery pro,3529
13-02-2026,BoAt Lunar Diascovery pro,3529
14-02-2026,BoAt Lunar Diascovery pro,3529
15-02-2026,BoAt Lunar Diascovery pro,3529
16-02-2026,BoAt Lunar Diascovery pro,3529
17-02-2026,BoAt Lunar Diascovery pro,3529
18-02-2026,BoAt Lunar Diascovery pro,3529
19-02-2026,BoAt Lunar Diascovery pro,3529
20-02-2026,BoAt Lunar Diascovery pro,3529
21-02-2026,BoAt Lunar Diascovery pro,3529
22-02-2026,BoAt Lunar Diascovery pro,3422
23-02-2026,BoAt Lunar Diascovery pro,3422
24-02-2026,BoAt Lunar Diascovery pro,3422
25-02-2026,BoAt Lunar Diascovery pro,3422
26-02-2026,BoAt Lunar Diascovery pro,3660
27-02-2026,BoAt Lunar Diascovery pro,3512
28-02-2026,BoAt Lunar Diascovery pro,3512
01-03-2026,BoAt Lunar Diascovery pro,3512
02-03-2026,BoAt Lunar Diascovery pro,3865
03-03-2026,BoAt Lunar Diascovery pro,3865
04-03-2026,BoAt Lunar Diascovery pro,3960
05-03-2026,BoAt Lunar Diascovery pro,3960
06-03-2026,BoAt Lunar Diascovery pro,3960
07-03-2026,BoAt Lunar Diascovery pro,3960
08-03-2026,BoAt Lunar Diascovery pro,3960
09-03-2026,BoAt Lunar Diascovery pro,3960
10-03-2026,BoAt Lunar Diascovery pro,3960
11-03-2026,BoAt Lunar Diascovery pro,3960
12-03-2026,BoAt Lunar Diascovery pro,3960
13-03-2026,BoAt Lunar Diascovery pro,3960
14-03-2026,BoAt Lunar Diascovery pro,3960
15-03-2026,BoAt Lunar Diascovery pro,3960
16-03-2026,BoAt Lunar Diascovery pro,3997
17-03-2026,BoAt Lunar Diascovery pro,3997
18-03-2026,BoAt Lunar Diascovery pro,3997
19-03-2026,BoAt Lunar Diascovery pro,3997
20-03-2026,BoAt Lunar Diascovery pro,3997
21-03-2026,BoAt Lunar Diascovery pro,3997
22-03-2026,BoAt Lunar Diascovery pro,3690
23-03-2026,BoAt Lunar Diascovery pro,3690
24-03-2026,BoAt Lunar Diascovery pro,3690
25-03-2026,BoAt Lunar Diascovery pro,3913
26-03-2026,BoAt Lunar Diascovery pro,3913
27-03-2026,BoAt Lunar Diascovery pro,3913
28-03-2026,BoAt Lunar Diascovery pro,3913
29-03-2026,BoAt Lunar Diascovery pro,3913
30-03-2026,BoAt Lunar Diascovery pro,3913
31-03-2026,BoAt Lunar Diascovery pro,3913
01-04-2026,BoAt Lunar Diascovery pro,3913
02-04-2026,BoAt Lunar Diascovery pro,3913
03-04-2026,BoAt Lunar Diascovery pro,3913
04-04-2026,BoAt Lunar Diascovery pro,3913
05-04-2026,BoAt Lunar Diascovery pro,3913
06-04-2026,BoAt Lunar Diascovery pro,3913
07-04-2026,BoAt Lunar Diascovery pro,3936
08-04-2026,BoAt Lunar Diascovery pro,3936
09-04-2026,BoAt Lunar Diascovery pro,3936
10-04-2026,BoAt Lunar Diascovery pro,3978
11-04-2026,BoAt Lunar Diascovery pro,3978
12-04-2026,BoAt Lunar Diascovery pro,3978
13-04-2026,BoAt Lunar Diascovery pro,3822
14-04-2026,BoAt Lunar Diascovery pro,3822
15-04-2026,BoAt Lunar Diascovery pro,3822
16-04-2026,BoAt Lunar Diascovery pro,3822
17-04-2026,BoAt Lunar Diascovery pro,3822
18-04-2026,BoAt Lunar Diascovery pro,3822
19-04-2026,BoAt Lunar Diascovery pro,3822
20-04-2026,BoAt Lunar Diascovery pro,3822
21-04-2026,BoAt Lunar Diascovery pro,3822
22-04-2026,BoAt Lunar Diascovery pro,3822
23-04-2026,BoAt Lunar Diascovery pro,3822
24-04-2026,BoAt Lunar Diascovery pro,3822
25-04-2026,BoAt Lunar Diascovery pro,3822
26-04-2026,BoAt Lunar Diascovery pro,3822
27-04-2026,BoAt Lunar Diascovery pro,10000
28-04-2026,BoAt Lunar Diascovery pro,10000
29-04-2026,BoAt Lunar Diascovery pro,10000
30-04-2026,BoAt Lunar Diascovery pro,10000
01-05-2026,BoAt Lunar Diascovery pro,10000
02-05-2026,BoAt Lunar Diascovery pro,10000
03-05-2026,BoAt Lunar Diascovery pro,10000
04-05-2026,BoAt Lunar Diascovery pro,10000
05-05-2026,BoAt Lunar Diascovery pro,10000
06-05-2026,BoAt Lunar Diascovery pro,10000
07-05-2026,BoAt Lunar Diascovery pro,10000
08-05-2026,BoAt Lunar Diascovery pro,8576
09-05-2026,BoAt Lunar Diascovery pro,8576
10-05-2026,BoAt Lunar Diascovery pro,8576
11-05-2026,BoAt Lunar Diascovery pro,8576
12-05-2026,BoAt Lunar Diascovery pro,8576
13-05-2026,BoAt Lunar Diascovery pro,8576
14-05-2026,BoAt Lunar Diascovery pro,8576
15-05-2026,BoAt Lunar Diascovery pro,8576
16-05-2026,BoAt Lunar Diascovery pro,8576
17-05-2026,BoAt Lunar Diascovery pro,7851
18-05-2026,BoAt Lunar Diascovery pro,7851
19-05-2026,BoAt Lunar Diascovery pro,7851
20-05-2026,BoAt Lunar Diascovery pro,7851
21-05-2026,BoAt Lunar Diascovery pro,7851
22-05-2026,BoAt Lunar Diascovery pro,7851
23-05-2026,BoAt Lunar Diascovery pro,7851
24-05-2026,BoAt Lunar Diascovery pro,7851
25-05-2026,BoAt Lunar Diascovery pro,7851
26-05-2026,BoAt Lunar Diascovery pro,7851
27-05-2026,BoAt Lunar Diascovery pro,7851
28-05-2026,BoAt Lunar Diascovery pro,7851
29-05-2026,BoAt Lunar Diascovery pro,7851
30-05-2026,BoAt Lunar Diascovery pro,7851
31-05-2026,BoAt Lunar Diascovery pro,7851
01-12-2025,BoAt Ultima ember,3444
02-12-2025,BoAt Ultima ember,3444
03-12-2025,BoAt Ultima ember,3444
04-12-2025,BoAt Ultima ember,3688
05-12-2025,BoAt Ultima ember,3688
06-12-2025,BoAt Ultima ember,3688
07-12-2025,BoAt Ultima ember,3688
08-12-2025,BoAt Ultima ember,3688
09-12-2025,BoAt Ultima ember,3688
10-12-2025,BoAt Ultima ember,3688
11-12-2025,BoAt Ultima ember,3688
12-12-2025,BoAt Ultima ember,3688
13-12-2025,BoAt Ultima ember,3688
14-12-2025,BoAt Ultima ember,8999
15-12-2025,BoAt Ultima ember,8999
16-12-2025,BoAt Ultima ember,8999
17-12-2025,BoAt Ultima ember,6724
18-12-2025,BoAt Ultima ember,6724
19-12-2025,BoAt Ultima ember,6724
20-12-2025,BoAt Ultima ember,6724
21-12-2025,BoAt Ultima ember,6724
22-12-2025,BoAt Ultima ember,6724
23-12-2025,BoAt Ultima ember,6724
24-12-2025,BoAt Ultima ember,6724
25-12-2025,BoAt Ultima ember,6724
26-12-2025,BoAt Ultima ember,6724
27-12-2025,BoAt Ultima ember,6724
28-12-2025,BoAt Ultima ember,6724
29-12-2025,BoAt Ultima ember,6724
30-12-2025,BoAt Ultima ember,6724
31-12-2025,BoAt Ultima ember,6724
01-01-2026,BoAt Ultima ember,6724
02-01-2026,BoAt Ultima ember,6724
03-01-2026,BoAt Ultima ember,6724
04-01-2026,BoAt Ultima ember,5529
05-01-2026,BoAt Ultima ember,5529
06-01-2026,BoAt Ultima ember,5529
07-01-2026,BoAt Ultima ember,5529
08-01-2026,BoAt Ultima ember,5529
09-01-2026,BoAt Ultima ember,5529
10-01-2026,BoAt Ultima ember,5529
11-01-2026,BoAt Ultima ember,5529
12-01-2026,BoAt Ultima ember,1500
13-01-2026,BoAt Ultima ember,1500
14-01-2026,BoAt Ultima ember,1500
15-01-2026,BoAt Ultima ember,1500
16-01-2026,BoAt Ultima ember,1500
17-01-2026,BoAt Ultima ember,1500
18-01-2026,BoAt Ultima ember,1500
19-01-2026,BoAt Ultima ember,2012
20-01-2026,BoAt Ultima ember,2012
21-01-2026,BoAt Ultima ember,2012
22-01-2026,BoAt Ultima ember,2302
23-01-2026,BoAt Ultima ember,2302
24-01-2026,BoAt Ultima ember,2302
25-01-2026,BoAt Ultima ember,2302
26-01-2026,BoAt Ultima ember,2302
27-01-2026,BoAt Ultima ember,2302
28-01-2026,BoAt Ultima ember,2302
29-01-2026,BoAt Ultima ember,2302
30-01-2026,BoAt Ultima ember,2302
31-01-2026,BoAt Ultima ember,2302
01-02-2026,BoAt Ultima ember,2302
02-02-2026,BoAt Ultima ember,2302
03-02-2026,BoAt Ultima ember,2302
04-02-2026,BoAt Ultima ember,2749
05-02-2026,BoAt Ultima ember,2749
06-02-2026,BoAt Ultima ember,2749
07-02-2026,BoAt Ultima ember,2749
08-02-2026,BoAt Ultima ember,2749
09-02-2026,BoAt Ultima ember,2749
10-02-2026,BoAt Ultima ember,2749
11-02-2026,BoAt Ultima ember,2749
12-02-2026,BoAt Ultima ember,2749
13-02-2026,BoAt Ultima ember,2846
14-02-2026,BoAt Ultima ember,2846
15-02-2026,BoAt Ultima ember,2846
16-02-2026,BoAt Ultima ember,2846
17-02-2026,BoAt Ultima ember,2882
18-02-2026,BoAt Ultima ember,2882
19-02-2026,BoAt Ultima ember,2882
20-02-2026,BoAt Ultima ember,2882
21-02-2026,BoAt Ultima ember,2882
22-02-2026,BoAt Ultima ember,2882
23-02-2026,BoAt Ultima ember,2882
24-02-2026,BoAt Ultima ember,2882
25-02-2026,BoAt Ultima ember,2882
26-02-2026,BoAt Ultima ember,2882
27-02-2026,BoAt Ultima ember,2882
28-02-2026,BoAt Ultima ember,2882
01-03-2026,BoAt Ultima ember,2882
02-03-2026,BoAt Ultima ember,2882
03-03-2026,BoAt Ultima ember,2882
04-03-2026,BoAt Ultima ember,2882
05-03-2026,BoAt Ultima ember,2882
06-03-2026,BoAt Ultima ember,2882
07-03-2026,BoAt Ultima ember,2882
08-03-2026,BoAt Ultima ember,2882
09-03-2026,BoAt Ultima ember,2882
10-03-2026,BoAt Ultima ember,2882
11-03-2026,BoAt Ultima ember,2882
12-03-2026,BoAt Ultima ember,2882
13-03-2026,BoAt Ultima ember,2882
14-03-2026,BoAt Ultima ember,2882
15-03-2026,BoAt Ultima ember,2882
16-03-2026,BoAt Ultima ember,2882
17-03-2026,BoAt Ultima ember,2882
18-03-2026,BoAt Ultima ember,2882
19-03-2026,BoAt Ultima ember,2882
20-03-2026,BoAt Ultima ember,2882
21-03-2026,BoAt Ultima ember,2882
22-03-2026,BoAt Ultima ember,2882
23-03-2026,BoAt Ultima ember,2882
24-03-2026,BoAt Ultima ember,2882
25-03-2026,BoAt Ultima ember,2882
26-03-2026,BoAt Ultima ember,2970
27-03-2026,BoAt Ultima ember,2970
28-03-2026,BoAt Ultima ember,2970
29-03-2026,BoAt Ultima ember,3186
30-03-2026,BoAt Ultima ember,3186
31-03-2026,BoAt Ultima ember,3178
01-04-2026,BoAt Ultima ember,3178
02-04-2026,BoAt Ultima ember,3178
03-04-2026,BoAt Ultima ember,3178
04-04-2026,BoAt Ultima ember,3178
05-04-2026,BoAt Ultima ember,3178
06-04-2026,BoAt Ultima ember,3344
07-04-2026,BoAt Ultima ember,3344
08-04-2026,BoAt Ultima ember,3344
09-04-2026,BoAt Ultima ember,3344
10-04-2026,BoAt Ultima ember,3344
11-04-2026,BoAt Ultima ember,3344
12-04-2026,BoAt Ultima ember,3339
13-04-2026,BoAt Ultima ember,3339
14-04-2026,BoAt Ultima ember,3339
15-04-2026,BoAt Ultima ember,3339
16-04-2026,BoAt Ultima ember,3224
17-04-2026,BoAt Ultima ember,3224
18-04-2026,BoAt Ultima ember,3224
19-04-2026,BoAt Ultima ember,3224
20-04-2026,BoAt Ultima ember,3224
21-04-2026,BoAt Ultima ember,3459
22-04-2026,BoAt Ultima ember,3173
23-04-2026,BoAt Ultima ember,3173
24-04-2026,BoAt Ultima ember,3173
25-04-2026,BoAt Ultima ember,3173
26-04-2026,BoAt Ultima ember,3173
27-04-2026,BoAt Ultima ember,3173
28-04-2026,BoAt Ultima ember,3173
29-04-2026,BoAt Ultima ember,3173
30-04-2026,BoAt Ultima ember,3452
01-05-2026,BoAt Ultima ember,3452
02-05-2026,BoAt Ultima ember,3452
03-05-2026,BoAt Ultima ember,3452
04-05-2026,BoAt Ultima ember,3452
05-05-2026,BoAt Ultima ember,3452
06-05-2026,BoAt Ultima ember,3452
07-05-2026,BoAt Ultima ember,3452
08-05-2026,BoAt Ultima ember,3518
09-05-2026,BoAt Ultima ember,3518
10-05-2026,BoAt Ultima ember,3518
11-05-2026,BoAt Ultima ember,3518
12-05-2026,BoAt Ultima ember,3518
13-05-2026,BoAt Ultima ember,3685
14-05-2026,BoAt Ultima ember,3685
15-05-2026,BoAt Ultima ember,3685
16-05-2026,BoAt Ultima ember,3685
17-05-2026,BoAt Ultima ember,3685
18-05-2026,BoAt Ultima ember,3685
19-05-2026,BoAt Ultima ember,3685
20-05-2026,BoAt Ultima ember,3685
21-05-2026,BoAt Ultima ember,3685
22-05-2026,BoAt Ultima ember,3685
23-05-2026,BoAt Ultima ember,3685
24-05-2026,BoAt Ultima ember,3685
25-05-2026,BoAt Ultima ember,3685
26-05-2026,BoAt Ultima ember,3685
27-05-2026,BoAt Ultima ember,3685
28-05-2026,BoAt Ultima ember,3685
29-05-2026,BoAt Ultima ember,3685
30-05-2026,BoAt Ultima ember,3685
31-05-2026,BoAt Ultima ember,3685
01-12-2025,BoAt ultima prime,3037
02-12-2025,BoAt ultima prime,3037
03-12-2025,BoAt ultima prime,3037
04-12-2025,BoAt ultima prime,3037
05-12-2025,BoAt ultima prime,3037
06-12-2025,BoAt ultima prime,3037
07-12-2025,BoAt ultima prime,3037
08-12-2025,BoAt ultima prime,3037
09-12-2025,BoAt ultima prime,2803
10-12-2025,BoAt ultima prime,2803
11-12-2025,BoAt ultima prime,2803
12-12-2025,BoAt ultima prime,1599
13-12-2025,BoAt ultima prime,1599
14-12-2025,BoAt ultima prime,1599
15-12-2025,BoAt ultima prime,1599
16-12-2025,BoAt ultima prime,1599
17-12-2025,BoAt ultima prime,1599
18-12-2025,BoAt ultima prime,1599
19-12-2025,BoAt ultima prime,1599
20-12-2025,BoAt ultima prime,1599
21-12-2025,BoAt ultima prime,2008
22-12-2025,BoAt ultima prime,2008
23-12-2025,BoAt ultima prime,2008
24-12-2025,BoAt ultima prime,2008
25-12-2025,BoAt ultima prime,2008
26-12-2025,BoAt ultima prime,2008
27-12-2025,BoAt ultima prime,2008
28-12-2025,BoAt ultima prime,2008
29-12-2025,BoAt ultima prime,2354
30-12-2025,BoAt ultima prime,2354
31-12-2025,BoAt ultima prime,2354
01-01-2026,BoAt ultima prime,2354
02-01-2026,BoAt ultima prime,2609
03-01-2026,BoAt ultima prime,2609
04-01-2026,BoAt ultima prime,2609
05-01-2026,BoAt ultima prime,2609
06-01-2026,BoAt ultima prime,2609
07-01-2026,BoAt ultima prime,2609
08-01-2026,BoAt ultima prime,2609
09-01-2026,BoAt ultima prime,2609
10-01-2026,BoAt ultima prime,2609
11-01-2026,BoAt ultima prime,2609
12-01-2026,BoAt ultima prime,2609
13-01-2026,BoAt ultima prime,2609
14-01-2026,BoAt ultima prime,2609
15-01-2026,BoAt ultima prime,2609
16-01-2026,BoAt ultima prime,2609
17-01-2026,BoAt ultima prime,2609
18-01-2026,BoAt ultima prime,2609
19-01-2026,BoAt ultima prime,2609
20-01-2026,BoAt ultima prime,2726
21-01-2026,BoAt ultima prime,2726
22-01-2026,BoAt ultima prime,2726
23-01-2026,BoAt ultima prime,2726
24-01-2026,BoAt ultima prime,9000
25-01-2026,BoAt ultima prime,9000
26-01-2026,BoAt ultima prime,9000
27-01-2026,BoAt ultima prime,9000
28-01-2026,BoAt ultima prime,9000
29-01-2026,BoAt ultima prime,9000
30-01-2026,BoAt ultima prime,9000
31-01-2026,BoAt ultima prime,9000
01-02-2026,BoAt ultima prime,9000
02-02-2026,BoAt ultima prime,6721
03-02-2026,BoAt ultima prime,6721
04-02-2026,BoAt ultima prime,6721
05-02-2026,BoAt ultima prime,6721
06-02-2026,BoAt ultima prime,5866
07-02-2026,BoAt ultima prime,5866
08-02-2026,BoAt ultima prime,5866
09-02-2026,BoAt ultima prime,5866
10-02-2026,BoAt ultima prime,5866
11-02-2026,BoAt ultima prime,5866
12-02-2026,BoAt ultima prime,5866
13-02-2026,BoAt ultima prime,5866
14-02-2026,BoAt ultima prime,5866
15-02-2026,BoAt ultima prime,5866
16-02-2026,BoAt ultima prime,4895
17-02-2026,BoAt ultima prime,4895
18-02-2026,BoAt ultima prime,4895
19-02-2026,BoAt ultima prime,4895
20-02-2026,BoAt ultima prime,4046
21-02-2026,BoAt ultima prime,3713
22-02-2026,BoAt ultima prime,3713
23-02-2026,BoAt ultima prime,3713
24-02-2026,BoAt ultima prime,3713
25-02-2026,BoAt ultima prime,3713
26-02-2026,BoAt ultima prime,3324
27-02-2026,BoAt ultima prime,3324
28-02-2026,BoAt ultima prime,3324
01-03-2026,BoAt ultima prime,3324
02-03-2026,BoAt ultima prime,3324
03-03-2026,BoAt ultima prime,3215
04-03-2026,BoAt ultima prime,3215
05-03-2026,BoAt ultima prime,3215
06-03-2026,BoAt ultima prime,3218
07-03-2026,BoAt ultima prime,3218
08-03-2026,BoAt ultima prime,3218
09-03-2026,BoAt ultima prime,3218
10-03-2026,BoAt ultima prime,3218
11-03-2026,BoAt ultima prime,3356
12-03-2026,BoAt ultima prime,3356
13-03-2026,BoAt ultima prime,3254
14-03-2026,BoAt ultima prime,3239
15-03-2026,BoAt ultima prime,3239
16-03-2026,BoAt ultima prime,3239
17-03-2026,BoAt ultima prime,3239
18-03-2026,BoAt ultima prime,3239
19-03-2026,BoAt ultima prime,3239
20-03-2026,BoAt ultima prime,3239
21-03-2026,BoAt ultima prime,3239
22-03-2026,BoAt ultima prime,3228
23-03-2026,BoAt ultima prime,3228
24-03-2026,BoAt ultima prime,3228
25-03-2026,BoAt ultima prime,3228
26-03-2026,BoAt ultima prime,2921
27-03-2026,BoAt ultima prime,2921
28-03-2026,BoAt ultima prime,2921
29-03-2026,BoAt ultima prime,2921
30-03-2026,BoAt ultima prime,2921
31-03-2026,BoAt ultima prime,2921
01-04-2026,BoAt ultima prime,2921
02-04-2026,BoAt ultima prime,2921
03-04-2026,BoAt ultima prime,2921
04-04-2026,BoAt ultima prime,2921
05-04-2026,BoAt ultima prime,2921
06-04-2026,BoAt ultima prime,2921
07-04-2026,BoAt ultima prime,2921
08-04-2026,BoAt ultima prime,2776
09-04-2026,BoAt ultima prime,2776
10-04-2026,BoAt ultima prime,2776
11-04-2026,BoAt ultima prime,2776
12-04-2026,BoAt ultima prime,2776
13-04-2026,BoAt ultima prime,2776
14-04-2026,BoAt ultima prime,2776
15-04-2026,BoAt ultima prime,2970
16-04-2026,BoAt ultima prime,2970
17-04-2026,BoAt ultima prime,2970
18-04-2026,BoAt ultima prime,2970
19-04-2026,BoAt ultima prime,2943
20-04-2026,BoAt ultima prime,2943
21-04-2026,BoAt ultima prime,2943
22-04-2026,BoAt ultima prime,2943
23-04-2026,BoAt ultima prime,2943
24-04-2026,BoAt ultima prime,2759
25-04-2026,BoAt ultima prime,2765
26-04-2026,BoAt ultima prime,2765
27-04-2026,BoAt ultima prime,2765
28-04-2026,BoAt ultima prime,2765
29-04-2026,BoAt ultima prime,2866
30-04-2026,BoAt ultima prime,2866
01-05-2026,BoAt ultima prime,2866
02-05-2026,BoAt ultima prime,2866
03-05-2026,BoAt ultima prime,3031
04-05-2026,BoAt ultima prime,3031
05-05-2026,BoAt ultima prime,3122
06-05-2026,BoAt ultima prime,2892
07-05-2026,BoAt ultima prime,2892
08-05-2026,BoAt ultima prime,2892
09-05-2026,BoAt ultima prime,2892
10-05-2026,BoAt ultima prime,2892
11-05-2026,BoAt ultima prime,2892
12-05-2026,BoAt ultima prime,2892
13-05-2026,BoAt ultima prime,2892
14-05-2026,BoAt ultima prime,2892
15-05-2026,BoAt ultima prime,2809
16-05-2026,BoAt ultima prime,2809
17-05-2026,BoAt ultima prime,2809
18-05-2026,BoAt ultima prime,2915
19-05-2026,BoAt ultima prime,2809
20-05-2026,BoAt ultima prime,2809
21-05-2026,BoAt ultima prime,2809
22-05-2026,BoAt ultima prime,2809
23-05-2026,BoAt ultima prime,2809
24-05-2026,BoAt ultima prime,2809
25-05-2026,BoAt ultima prime,2809
26-05-2026,BoAt ultima prime,2809
27-05-2026,BoAt ultima prime,2809
28-05-2026,BoAt ultima prime,2809
29-05-2026,BoAt ultima prime,2809
30-05-2026,BoAt ultima prime,2809
31-05-2026,BoAt ultima prime,2809
01-12-2025,BoAt Wave call 2+,2595
02-12-2025,BoAt Wave call 2+,2595
03-12-2025,BoAt Wave call 2+,2595
04-12-2025,BoAt Wave call 2+,2595
05-12-2025,BoAt Wave call 2+,2768
06-12-2025,BoAt Wave call 2+,2768
07-12-2025,BoAt Wave call 2+,2530
08-12-2025,BoAt Wave call 2+,2530
09-12-2025,BoAt Wave call 2+,2530
10-12-2025,BoAt Wave call 2+,2376
11-12-2025,BoAt Wave call 2+,2376
12-12-2025,BoAt Wave call 2+,2376
13-12-2025,BoAt Wave call 2+,2376
14-12-2025,BoAt Wave call 2+,2376
15-12-2025,BoAt Wave call 2+,2376
16-12-2025,BoAt Wave call 2+,2257
17-12-2025,BoAt Wave call 2+,2257
18-12-2025,BoAt Wave call 2+,2257
19-12-2025,BoAt Wave call 2+,2355
20-12-2025,BoAt Wave call 2+,2355
21-12-2025,BoAt Wave call 2+,2355
22-12-2025,BoAt Wave call 2+,2355
23-12-2025,BoAt Wave call 2+,2355
24-12-2025,BoAt Wave call 2+,2355
25-12-2025,BoAt Wave call 2+,2355
26-12-2025,BoAt Wave call 2+,2355
27-12-2025,BoAt Wave call 2+,2355
28-12-2025,BoAt Wave call 2+,2355
29-12-2025,BoAt Wave call 2+,2355
30-12-2025,BoAt Wave call 2+,2355
31-12-2025,BoAt Wave call 2+,2355
01-01-2026,BoAt Wave call 2+,2355
02-01-2026,BoAt Wave call 2+,2355
03-01-2026,BoAt Wave call 2+,2355
04-01-2026,BoAt Wave call 2+,2355
05-01-2026,BoAt Wave call 2+,2355
06-01-2026,BoAt Wave call 2+,2355
07-01-2026,BoAt Wave call 2+,2357
08-01-2026,BoAt Wave call 2+,2357
09-01-2026,BoAt Wave call 2+,2357
10-01-2026,BoAt Wave call 2+,2357
11-01-2026,BoAt Wave call 2+,2357
12-01-2026,BoAt Wave call 2+,2357
13-01-2026,BoAt Wave call 2+,2357
14-01-2026,BoAt Wave call 2+,2357
15-01-2026,BoAt Wave call 2+,2482
16-01-2026,BoAt Wave call 2+,2482
17-01-2026,BoAt Wave call 2+,2482
18-01-2026,BoAt Wave call 2+,2482
19-01-2026,BoAt Wave call 2+,2482
20-01-2026,BoAt Wave call 2+,2482
21-01-2026,BoAt Wave call 2+,2645
22-01-2026,BoAt Wave call 2+,2645
23-01-2026,BoAt Wave call 2+,2645
24-01-2026,BoAt Wave call 2+,2669
25-01-2026,BoAt Wave call 2+,2669
26-01-2026,BoAt Wave call 2+,2669
27-01-2026,BoAt Wave call 2+,2669
28-01-2026,BoAt Wave call 2+,2669
29-01-2026,BoAt Wave call 2+,2669
30-01-2026,BoAt Wave call 2+,2495
31-01-2026,BoAt Wave call 2+,2495
01-02-2026,BoAt Wave call 2+,2545
02-02-2026,BoAt Wave call 2+,2545
03-02-2026,BoAt Wave call 2+,2545
04-02-2026,BoAt Wave call 2+,2681
05-02-2026,BoAt Wave call 2+,2854
06-02-2026,BoAt Wave call 2+,2854
07-02-2026,BoAt Wave call 2+,2805
08-02-2026,BoAt Wave call 2+,2805
09-02-2026,BoAt Wave call 2+,2805
10-02-2026,BoAt Wave call 2+,2805
11-02-2026,BoAt Wave call 2+,2970
12-02-2026,BoAt Wave call 2+,2970
13-02-2026,BoAt Wave call 2+,2947
14-02-2026,BoAt Wave call 2+,2947
15-02-2026,BoAt Wave call 2+,2947
16-02-2026,BoAt Wave call 2+,2768
17-02-2026,BoAt Wave call 2+,2768
18-02-2026,BoAt Wave call 2+,2768
19-02-2026,BoAt Wave call 2+,2768
20-02-2026,BoAt Wave call 2+,2768
21-02-2026,BoAt Wave call 2+,2768
22-02-2026,BoAt Wave call 2+,2768
23-02-2026,BoAt Wave call 2+,2768
24-02-2026,BoAt Wave call 2+,2768
25-02-2026,BoAt Wave call 2+,2768
26-02-2026,BoAt Wave call 2+,2768
27-02-2026,BoAt Wave call 2+,2768
28-02-2026,BoAt Wave call 2+,2768
01-03-2026,BoAt Wave call 2+,2768
02-03-2026,BoAt Wave call 2+,2768
03-03-2026,BoAt Wave call 2+,2768
04-03-2026,BoAt Wave call 2+,2768
05-03-2026,BoAt Wave call 2+,2768
06-03-2026,BoAt Wave call 2+,2768
07-03-2026,BoAt Wave call 2+,2768
08-03-2026,BoAt Wave call 2+,2944
09-03-2026,BoAt Wave call 2+,2944
10-03-2026,BoAt Wave call 2+,2944
11-03-2026,BoAt Wave call 2+,2944
12-03-2026,BoAt Wave call 2+,2944
13-03-2026,BoAt Wave call 2+,2944
14-03-2026,BoAt Wave call 2+,2944
15-03-2026,BoAt Wave call 2+,2944
16-03-2026,BoAt Wave call 2+,2944
17-03-2026,BoAt Wave call 2+,2944
18-03-2026,BoAt Wave call 2+,2944
19-03-2026,BoAt Wave call 2+,2944
20-03-2026,BoAt Wave call 2+,2944
21-03-2026,BoAt Wave call 2+,2944
22-03-2026,BoAt Wave call 2+,2944
23-03-2026,BoAt Wave call 2+,2944
24-03-2026,BoAt Wave call 2+,2944
25-03-2026,BoAt Wave call 2+,2965
26-03-2026,BoAt Wave call 2+,2965
27-03-2026,BoAt Wave call 2+,2965
28-03-2026,BoAt Wave call 2+,2965
29-03-2026,BoAt Wave call 2+,2965
30-03-2026,BoAt Wave call 2+,2974
31-03-2026,BoAt Wave call 2+,2974
01-04-2026,BoAt Wave call 2+,2974
02-04-2026,BoAt Wave call 2+,2974
03-04-2026,BoAt Wave call 2+,2974
04-04-2026,BoAt Wave call 2+,2974
05-04-2026,BoAt Wave call 2+,2879
06-04-2026,BoAt Wave call 2+,2879
07-04-2026,BoAt Wave call 2+,2844
08-04-2026,BoAt Wave call 2+,2844
09-04-2026,BoAt Wave call 2+,2844
10-04-2026,BoAt Wave call 2+,2844
11-04-2026,BoAt Wave call 2+,2844
12-04-2026,BoAt Wave call 2+,2844
13-04-2026,BoAt Wave call 2+,2844
14-04-2026,BoAt Wave call 2+,2844
15-04-2026,BoAt Wave call 2+,2632
16-04-2026,BoAt Wave call 2+,899
17-04-2026,BoAt Wave call 2+,899
18-04-2026,BoAt Wave call 2+,899
19-04-2026,BoAt Wave call 2+,899
20-04-2026,BoAt Wave call 2+,899
21-04-2026,BoAt Wave call 2+,899
22-04-2026,BoAt Wave call 2+,899
23-04-2026,BoAt Wave call 2+,899
24-04-2026,BoAt Wave call 2+,899
25-04-2026,BoAt Wave call 2+,899
26-04-2026,BoAt Wave call 2+,899
27-04-2026,BoAt Wave call 2+,899
28-04-2026,BoAt Wave call 2+,899
29-04-2026,BoAt Wave call 2+,899
30-04-2026,BoAt Wave call 2+,899
01-05-2026,BoAt Wave call 2+,899
02-05-2026,BoAt Wave call 2+,899
03-05-2026,BoAt Wave call 2+,899
04-05-2026,BoAt Wave call 2+,899
05-05-2026,BoAt Wave call 2+,1436
06-05-2026,BoAt Wave call 2+,1436
07-05-2026,BoAt Wave call 2+,1436
08-05-2026,BoAt Wave call 2+,1436
09-05-2026,BoAt Wave call 2+,1814
10-05-2026,BoAt Wave call 2+,1814
11-05-2026,BoAt Wave call 2+,1814
12-05-2026,BoAt Wave call 2+,1814
13-05-2026,BoAt Wave call 2+,1814
14-05-2026,BoAt Wave call 2+,1814
15-05-2026,BoAt Wave call 2+,2152
16-05-2026,BoAt Wave call 2+,2152
17-05-2026,BoAt Wave call 2+,2152
18-05-2026,BoAt Wave call 2+,2152
19-05-2026,BoAt Wave call 2+,2152
20-05-2026,BoAt Wave call 2+,2152
21-05-2026,BoAt Wave call 2+,2152
22-05-2026,BoAt Wave call 2+,2152
23-05-2026,BoAt Wave call 2+,7499
24-05-2026,BoAt Wave call 2+,7499
25-05-2026,BoAt Wave call 2+,7499
26-05-2026,BoAt Wave call 2+,7499
27-05-2026,BoAt Wave call 2+,7499
28-05-2026,BoAt Wave call 2+,7499
29-05-2026,BoAt Wave call 2+,5466
30-05-2026,BoAt Wave call 2+,5466
31-05-2026,BoAt Wave call 2+,5466
01-12-2025,BoAt lunar mirage,2470
02-12-2025,BoAt lunar mirage,2470
03-12-2025,BoAt lunar mirage,2470
04-12-2025,BoAt lunar mirage,2470
05-12-2025,BoAt lunar mirage,2470
06-12-2025,BoAt lunar mirage,2470
07-12-2025,BoAt lunar mirage,2470
08-12-2025,BoAt lunar mirage,2470
09-12-2025,BoAt lunar mirage,2470
10-12-2025,BoAt lunar mirage,2470
11-12-2025,BoAt lunar mirage,2470
12-12-2025,BoAt lunar mirage,2470
13-12-2025,BoAt lunar mirage,2470
14-12-2025,BoAt lunar mirage,2470
15-12-2025,BoAt lunar mirage,2470
16-12-2025,BoAt lunar mirage,2470
17-12-2025,BoAt lunar mirage,2470
18-12-2025,BoAt lunar mirage,2470
19-12-2025,BoAt lunar mirage,2470
20-12-2025,BoAt lunar mirage,7999
21-12-2025,BoAt lunar mirage,5887
22-12-2025,BoAt lunar mirage,5887
23-12-2025,BoAt lunar mirage,5887
24-12-2025,BoAt lunar mirage,5887
25-12-2025,BoAt lunar mirage,5887
26-12-2025,BoAt lunar mirage,5887
27-12-2025,BoAt lunar mirage,5887
28-12-2025,BoAt lunar mirage,5204
29-12-2025,BoAt lunar mirage,5204
30-12-2025,BoAt lunar mirage,5204
31-12-2025,BoAt lunar mirage,5204
01-01-2026,BoAt lunar mirage,5204
02-01-2026,BoAt lunar mirage,4049
03-01-2026,BoAt lunar mirage,4049
04-01-2026,BoAt lunar mirage,4049
05-01-2026,BoAt lunar mirage,4049
06-01-2026,BoAt lunar mirage,4049
07-01-2026,BoAt lunar mirage,4049
08-01-2026,BoAt lunar mirage,4049
09-01-2026,BoAt lunar mirage,3591
10-01-2026,BoAt lunar mirage,3057
11-01-2026,BoAt lunar mirage,3057
12-01-2026,BoAt lunar mirage,3057
13-01-2026,BoAt lunar mirage,3057
14-01-2026,BoAt lunar mirage,3057
15-01-2026,BoAt lunar mirage,3057
16-01-2026,BoAt lunar mirage,3057
17-01-2026,BoAt lunar mirage,3057
18-01-2026,BoAt lunar mirage,3057
19-01-2026,BoAt lunar mirage,2842
20-01-2026,BoAt lunar mirage,2842
21-01-2026,BoAt lunar mirage,2842
22-01-2026,BoAt lunar mirage,2842
23-01-2026,BoAt lunar mirage,2842
24-01-2026,BoAt lunar mirage,2842
25-01-2026,BoAt lunar mirage,2842
26-01-2026,BoAt lunar mirage,2842
27-01-2026,BoAt lunar mirage,2842
28-01-2026,BoAt lunar mirage,2842
29-01-2026,BoAt lunar mirage,2842
30-01-2026,BoAt lunar mirage,2512
31-01-2026,BoAt lunar mirage,2512
01-02-2026,BoAt lunar mirage,2512
02-02-2026,BoAt lunar mirage,2512
03-02-2026,BoAt lunar mirage,2512
04-02-2026,BoAt lunar mirage,2512
05-02-2026,BoAt lunar mirage,2512
06-02-2026,BoAt lunar mirage,2512
07-02-2026,BoAt lunar mirage,2512
08-02-2026,BoAt lunar mirage,2512
09-02-2026,BoAt lunar mirage,2512
10-02-2026,BoAt lunar mirage,2512
11-02-2026,BoAt lunar mirage,2512
12-02-2026,BoAt lunar mirage,2512
13-02-2026,BoAt lunar mirage,2512
14-02-2026,BoAt lunar mirage,2618
15-02-2026,BoAt lunar mirage,2618
16-02-2026,BoAt lunar mirage,2618
17-02-2026,BoAt lunar mirage,2618
18-02-2026,BoAt lunar mirage,2618
19-02-2026,BoAt lunar mirage,2618
20-02-2026,BoAt lunar mirage,2618
21-02-2026,BoAt lunar mirage,2618
22-02-2026,BoAt lunar mirage,2429
23-02-2026,BoAt lunar mirage,2429
24-02-2026,BoAt lunar mirage,2429
25-02-2026,BoAt lunar mirage,2429
26-02-2026,BoAt lunar mirage,2613
27-02-2026,BoAt lunar mirage,2559
28-02-2026,BoAt lunar mirage,2559
01-03-2026,BoAt lunar mirage,2559
02-03-2026,BoAt lunar mirage,2559
03-03-2026,BoAt lunar mirage,2559
04-03-2026,BoAt lunar mirage,2559
05-03-2026,BoAt lunar mirage,2500
06-03-2026,BoAt lunar mirage,2500
07-03-2026,BoAt lunar mirage,2500
08-03-2026,BoAt lunar mirage,2500
09-03-2026,BoAt lunar mirage,2500
10-03-2026,BoAt lunar mirage,2500
11-03-2026,BoAt lunar mirage,2500
12-03-2026,BoAt lunar mirage,2500
13-03-2026,BoAt lunar mirage,2500
14-03-2026,BoAt lunar mirage,2500
15-03-2026,BoAt lunar mirage,2500
16-03-2026,BoAt lunar mirage,2500
17-03-2026,BoAt lunar mirage,2500
18-03-2026,BoAt lunar mirage,2500
19-03-2026,BoAt lunar mirage,2500
20-03-2026,BoAt lunar mirage,2500
21-03-2026,BoAt lunar mirage,2500
22-03-2026,BoAt lunar mirage,2500
23-03-2026,BoAt lunar mirage,2500
24-03-2026,BoAt lunar mirage,2500
25-03-2026,BoAt lunar mirage,2461
26-03-2026,BoAt lunar mirage,2627
27-03-2026,BoAt lunar mirage,2627
28-03-2026,BoAt lunar mirage,2521
29-03-2026,BoAt lunar mirage,2521
30-03-2026,BoAt lunar mirage,2521
31-03-2026,BoAt lunar mirage,2521
01-04-2026,BoAt lunar mirage,2521
02-04-2026,BoAt lunar mirage,2521
03-04-2026,BoAt lunar mirage,2521
04-04-2026,BoAt lunar mirage,2521
05-04-2026,BoAt lunar mirage,2521
06-04-2026,BoAt lunar mirage,2521
07-04-2026,BoAt lunar mirage,2608
08-04-2026,BoAt lunar mirage,2421
09-04-2026,BoAt lunar mirage,2421
10-04-2026,BoAt lunar mirage,2421
11-04-2026,BoAt lunar mirage,1200
12-04-2026,BoAt lunar mirage,1200
13-04-2026,BoAt lunar mirage,1200
14-04-2026,BoAt lunar mirage,1200
15-04-2026,BoAt lunar mirage,1200
16-04-2026,BoAt lunar mirage,1200
17-04-2026,BoAt lunar mirage,1200
18-04-2026,BoAt lunar mirage,1200
19-04-2026,BoAt lunar mirage,1200
20-04-2026,BoAt lunar mirage,1200
21-04-2026,BoAt lunar mirage,1200
22-04-2026,BoAt lunar mirage,1200
23-04-2026,BoAt lunar mirage,1552
24-04-2026,BoAt lunar mirage,1552
25-04-2026,BoAt lunar mirage,1955
26-04-2026,BoAt lunar mirage,1955
27-04-2026,BoAt lunar mirage,1955
28-04-2026,BoAt lunar mirage,1955
29-04-2026,BoAt lunar mirage,1955
30-04-2026,BoAt lunar mirage,1955
01-05-2026,BoAt lunar mirage,1955
02-05-2026,BoAt lunar mirage,1955
03-05-2026,BoAt lunar mirage,1955
04-05-2026,BoAt lunar mirage,1955
05-05-2026,BoAt lunar mirage,1955
06-05-2026,BoAt lunar mirage,1955
07-05-2026,BoAt lunar mirage,1955
08-05-2026,BoAt lunar mirage,1955
09-05-2026,BoAt lunar mirage,1955
10-05-2026,BoAt lunar mirage,1955
11-05-2026,BoAt lunar mirage,1955
12-05-2026,BoAt lunar mirage,1955
13-05-2026,BoAt lunar mirage,1955
14-05-2026,BoAt lunar mirage,1955
15-05-2026,BoAt lunar mirage,1955
16-05-2026,BoAt lunar mirage,1955
17-05-2026,BoAt lunar mirage,1955
18-05-2026,BoAt lunar mirage,1955
19-05-2026,BoAt lunar mirage,1955
20-05-2026,BoAt lunar mirage,1955
21-05-2026,BoAt lunar mirage,1955
22-05-2026,BoAt lunar mirage,1955
23-05-2026,BoAt lunar mirage,1955
24-05-2026,BoAt lunar mirage,1955
25-05-2026,BoAt lunar mirage,2234
26-05-2026,BoAt lunar mirage,2234
27-05-2026,BoAt lunar mirage,2234
28-05-2026,BoAt lunar mirage,2283
29-05-2026,BoAt lunar mirage,2283
30-05-2026,BoAt lunar mirage,2283
31-05-2026,BoAt lunar mirage,2283
